Date,AAPL,MSFT,AMZN,GOOG,META
2015-01-02,24.2374,40.1536,15.426,26.2405,78.45
2015-01-05,23.5555,39.7826,15.1095,25.6935,77.19
2015-01-06,23.5575,39.1972,14.7645,25.098,76.15
2015-01-07,23.8917,39.6975,14.921,25.055,76.15
2015-01-08,24.8079,40.8676,15.023,25.134,78.18
2015-01-09,24.8346,40.5217,14.8465,24.8085,77.74
2015-01-12,24.2175,40.0159,14.5705,24.6275,76.72
2015-01-13,24.4406,39.7969,14.737,24.809,76.45
2015-01-14,24.3463,39.464,14.6635,25.0435,76.28
2015-01-15,23.6814,39.0537,14.3475,25.0895,74.05
2015-01-16,23.4937,39.7073,14.537,25.404,75.18
2015-01-20,24.0979,39.8352,14.472,25.345,76.24
2015-01-21,24.2904,39.431,14.8625,25.902,76.74
2015-01-22,24.9179,40.4709,15.516,26.7195,77.65
2015-01-23,25.0484,40.513,15.6195,26.9975,77.83
2015-01-26,25.0722,40.3686,15.483,26.7605,77.5
2015-01-27,24.1931,36.6306,15.3375,25.9315,75.78
2015-01-28,25.5641,35.3687,15.1955,25.5,76.24
2015-01-29,26.3637,36.0729,15.589,25.533,78.0
2015-01-30,25.9767,34.6947,17.7265,26.726,75.91
2015-02-02,26.2968,35.4467,18.2235,26.424,74.99
2015-02-03,26.3018,35.7213,18.1775,26.462,75.4
2015-02-04,26.5003,35.9273,18.2375,26.138,75.63
2015-02-05,26.6945,36.4508,18.6945,26.379,75.61
2015-02-06,26.4628,36.4177,18.714,26.55,74.47
2015-02-09,26.6436,36.3747,18.528,26.3915,74.44
2015-02-10,27.1562,36.5788,18.6495,26.847,75.19
2015-02-11,27.7907,36.3913,18.757,26.7985,76.51
2015-02-12,28.1471,37.0016,18.8585,27.1465,76.23
2015-02-13,28.2818,37.6698,19.0915,27.4505,75.74
2015-02-17,28.4538,37.6855,18.7715,27.142,75.6
2015-02-18,28.6452,37.6433,18.6685,26.985,76.71
2015-02-19,28.5863,37.621,18.9495,27.1435,79.42
2015-02-20,28.8239,37.9228,19.183,26.9475,79.89
2015-02-23,29.6047,38.1778,19.007,26.5955,78.84
2015-02-24,29.4162,38.1279,18.9295,26.8045,78.45
2015-02-25,28.6617,38.0458,19.2685,27.1935,79.56
2015-02-26,29.0274,38.1015,19.24,27.774,80.41
2015-02-27,28.5883,37.9228,19.008,27.92,78.97
2015-03-02,28.7277,37.9471,19.2825,28.567,79.75
2015-03-03,28.7945,37.4286,19.2305,28.682,79.6
2015-03-04,28.6078,37.2362,19.136,28.6685,80.89
2015-03-05,28.1345,37.283,19.3915,28.7665,81.21
2015-03-06,28.1768,36.6316,19.0045,28.384,80.0
2015-03-09,28.2947,37.0573,18.928,28.4425,79.44
2015-03-10,27.7091,36.3473,18.4755,27.7505,77.55
2015-03-11,27.2044,36.3082,18.3185,27.559,77.57
2015-03-12,27.3527,35.6292,18.712,27.269,78.93
2015-03-13,27.5125,35.7848,18.529,27.366,78.05
2015-03-16,27.8073,35.9419,18.6675,27.7255,78.07
2015-03-17,28.2719,36.0542,18.596,27.542,79.36
2015-03-18,28.5903,36.7574,18.757,27.975,80.91
2015-03-19,28.3781,36.5622,18.662,27.8995,82.75
2015-03-20,28.0253,37.0828,18.9245,28.018,83.8
2015-03-23,28.3112,37.0573,18.7555,27.9405,84.43
2015-03-24,28.1963,37.0992,18.7045,28.5095,85.31
2015-03-25,27.4637,35.8559,18.548,27.939,82.92
2015-03-26,27.6501,35.6391,18.3675,27.7585,83.01
2015-03-27,27.4322,35.4301,18.528,27.417,83.3
2015-03-30,28.1245,35.4223,18.7295,27.6015,83.19
2015-03-31,27.6925,35.1575,18.605,27.4,82.215
2015-04-01,27.6531,35.2161,18.513,27.128,81.67
2015-04-02,27.8907,34.8421,18.6125,26.7765,81.56
2015-04-06,28.3406,35.9244,18.852,26.8385,82.44
2015-04-07,28.045,35.9166,18.7205,26.851,82.32
2015-04-08,27.9566,35.8208,19.06,27.0805,82.28
2015-04-09,28.1699,35.8745,19.177,27.039,82.17
2015-04-10,28.2848,36.0777,19.1325,27.0005,82.04
2015-04-13,28.2288,36.1129,19.118,26.9585,83.01
2015-04-14,28.1108,36.018,19.2555,26.5195,83.51
2015-04-15,28.2159,36.5475,19.1725,26.6265,82.71
2015-04-16,28.0825,36.4597,19.302,26.69,82.31
2015-04-17,27.7613,35.9928,18.778,26.2025,80.78
2015-04-20,28.4006,37.0992,19.4755,26.769,83.09
2015-04-21,28.2424,36.8708,19.559,26.6985,83.62
2015-04-22,28.6226,37.1787,19.49,26.968,84.63
2015-04-23,28.8652,37.4802,19.4995,27.35,82.41
2015-04-24,28.9997,41.3968,22.255,28.253,81.53
2015-04-27,29.5242,41.5357,21.928,27.7685,81.91
2015-04-28,29.0536,42.5084,21.4655,27.684,80.68
2015-04-29,28.6275,42.4286,21.4685,27.454,80.46
2015-04-30,27.8528,42.0631,21.089,26.867,78.77
2015-05-01,28.6982,42.0711,21.1435,26.895,78.99
2015-05-04,28.6423,41.7193,21.152,27.039,78.81
2015-05-05,28.004,41.1646,21.0595,26.54,77.56
2015-05-06,27.822,40.0249,20.955,26.211,78.1
2015-05-07,27.9982,40.3871,21.344,26.535,78.43
2015-05-08,28.5216,41.2934,21.6845,26.911,78.51
2015-05-11,28.2288,40.9642,21.6425,26.785,78.01
2015-05-12,28.1305,40.9448,21.551,26.452,77.46
2015-05-13,28.1639,41.186,21.3435,26.481,78.44
2015-05-14,28.8239,42.1333,21.614,26.92,81.37
2015-05-15,28.7826,41.7621,21.3,26.6925,80.42
2015-05-18,29.0911,41.5202,21.262,26.615,80.88
2015-05-19,29.0645,41.4146,21.0855,26.868,80.63
2015-05-20,29.0625,41.4146,21.193,26.9635,80.55
2015-05-21,29.3688,41.276,21.5815,27.1255,80.48
2015-05-22,29.6254,40.8257,21.3815,27.0055,80.54
2015-05-26,28.9752,40.5541,21.2735,26.616,79.33
2015-05-27,29.5123,41.4391,21.571,26.9895,80.55
2015-05-28,29.4475,41.3011,21.3285,26.989,80.14
2015-05-29,29.1107,40.7894,21.4615,26.6055,79.19
2015-06-01,29.1698,41.1118,21.546,26.6995,80.29
2015-06-02,29.0419,40.844,21.5495,26.959,80.44
2015-06-03,29.0743,40.7798,21.8295,27.0155,82.44
2015-06-04,28.921,40.3548,21.539,26.835,82.05
2015-06-05,28.7531,40.1626,21.3475,26.6665,82.14
2015-06-08,28.5608,39.8019,21.175,26.3415,80.67
2015-06-09,28.48,39.7356,21.274,26.3345,80.67
2015-06-10,28.8093,40.5717,21.5385,26.8345,82.16
2015-06-11,28.7375,40.423,21.6485,26.7305,81.83
2015-06-12,28.424,40.014,21.496,26.6165,81.53
2015-06-15,28.3663,39.5793,21.1835,26.36,80.71
2015-06-16,28.5206,39.8928,21.363,26.4075,81.06
2015-06-17,28.4538,40.014,21.3905,26.463,81.79
2015-06-18,28.5763,40.6665,21.9695,26.8365,82.9
2015-06-19,28.2917,40.1262,21.746,26.8345,82.51
2015-06-22,28.5206,40.2348,21.8145,26.9095,84.74
2015-06-23,28.3918,39.9591,22.2995,27.024,87.88
2015-06-24,28.6295,39.717,22.042,26.892,88.86
2015-06-25,28.4987,39.7356,22.005,26.7615,87.98
2015-06-26,28.3268,39.3919,21.905,26.5845,88.01
2015-06-29,27.8318,38.6221,21.493,26.076,85.8
2015-06-30,28.0303,38.4317,21.7045,26.0255,85.765
2015-07-01,28.2917,38.6798,21.8695,26.092,86.91
2015-07-02,28.2581,38.6475,21.8855,26.17,87.29
2015-07-06,28.1619,38.6377,21.802,26.143,87.55
2015-07-07,28.0923,38.5588,21.836,26.251,87.22
2015-07-08,27.393,38.5039,21.485,25.8415,85.65
2015-07-09,26.8381,38.751,21.7195,26.034,85.88
2015-07-10,27.5551,38.8322,22.1755,26.5065,87.95
2015-07-13,28.0844,39.6408,22.7785,27.3275,90.1
2015-07-14,28.0727,39.7103,23.2785,28.055,89.68
2015-07-15,28.3406,39.8304,23.0595,28.011,89.76
2015-07-16,28.718,40.6129,23.774,28.9925,90.85
2015-07-17,28.9752,40.5796,24.1505,33.6465,94.97
2015-07-20,29.5162,40.844,24.405,33.151,97.91
2015-07-21,29.2197,41.1519,24.4,33.115,98.39
2015-07-22,27.9882,39.6408,24.4135,33.105,97.04
2015-07-23,27.9742,40.135,24.109,32.214,95.44
2015-07-24,27.8238,39.9867,26.471,31.178,96.95
2015-07-27,27.4399,39.4738,26.5705,31.363,94.17
2015-07-28,27.5777,39.464,26.3015,31.4,95.29
2015-07-29,27.4932,40.2913,26.45,31.5965,96.99
2015-07-30,27.3498,40.8061,26.838,31.6295,95.21
2015-07-31,27.1072,40.6489,26.8075,31.2805,94.01
2015-08-03,26.4628,40.7444,26.7515,31.5605,94.14
2015-08-04,25.625,41.3796,26.595,31.4625,94.06
2015-08-05,25.7911,41.4146,26.8505,32.189,96.44
2015-08-06,25.8468,40.5796,26.473,32.134,95.12
2015-08-07,25.9354,40.6819,26.131,31.765,94.3
2015-08-10,26.8841,41.1968,26.2,31.6865,94.15
2015-08-11,25.4806,40.3969,26.373,33.039,93.62
2015-08-12,25.8717,40.6819,26.2955,32.978,94.19
2015-08-13,25.8488,40.6752,26.483,32.8225,93.43
2015-08-14,26.0318,40.9085,26.576,32.856,94.42
2015-08-17,26.3018,41.189,26.761,33.0435,93.93
2015-08-18,26.1565,41.4166,26.751,32.8065,95.17
2015-08-19,25.8206,40.8413,26.646,33.045,95.31
2015-08-20,25.2895,40.006,25.789,32.3415,90.56
2015-08-21,23.7483,37.7371,24.7235,30.624,86.06
2015-08-24,23.1532,36.5171,23.1685,29.4805,82.09
2015-08-25,23.2895,35.4575,23.3185,29.103,83.0
2015-08-26,24.6251,37.4206,25.0385,31.431,87.19
2015-08-27,25.3481,38.4658,25.9185,31.8805,89.73
2015-08-28,25.4316,38.4902,25.9005,31.519,91.01
2015-08-31,25.3135,38.1299,25.6445,30.9125,89.43
2015-09-01,24.1833,36.6414,24.827,29.8895,87.23
2015-09-02,25.2206,37.9921,25.5275,30.717,89.89
2015-09-03,24.7805,38.1121,25.236,30.3125,88.15
2015-09-04,24.528,37.3369,24.95,30.035,88.26
2015-09-08,25.2138,38.456,25.877,30.733,89.53
2015-09-09,24.7313,37.7371,25.8445,30.636,90.44
2015-09-10,25.2745,37.9276,26.112,31.0675,91.98
2015-09-11,25.6418,38.0948,26.472,31.2885,92.05
2015-09-14,25.8864,37.7088,26.069,31.162,92.31
2015-09-15,26.1071,38.5311,26.1185,31.757,92.9
2015-09-16,26.1339,38.8154,26.3695,31.799,93.45
2015-09-17,25.5789,38.7725,26.9435,32.145,94.34
2015-09-18,25.4708,38.0948,27.013,31.4625,94.4
2015-09-21,25.8647,38.6485,27.4195,31.772,95.55
2015-09-22,25.459,38.4658,26.92,31.1345,92.96
2015-09-23,25.6665,38.4385,26.8035,31.118,93.97
2015-09-24,25.8186,38.4747,26.6875,31.29,94.41
2015-09-25,25.7525,38.499,26.2125,30.5985,92.77
2015-09-28,25.2447,37.9276,25.203,29.7445,89.21
2015-09-29,24.4878,38.0615,24.8035,29.7485,86.67
2015-09-30,24.7658,38.7813,25.5945,30.421,89.9
2015-10-01,24.599,39.086,26.036,30.5645,90.95
2015-10-02,24.7824,39.9261,26.627,31.3455,92.07
2015-10-05,24.8708,40.8588,27.184,32.0735,94.01
2015-10-06,24.9916,40.9584,26.874,32.272,92.8
2015-10-07,24.8708,41.0034,27.097,32.118,92.4
2015-10-08,24.5792,41.5738,26.658,31.958,92.47
2015-10-09,25.1711,41.277,26.99,32.1805,93.24
2015-10-12,25.0554,41.18,27.5095,32.3335,94.26
2015-10-13,25.0937,41.0855,27.445,32.615,94.12
2015-10-14,24.7461,40.8986,27.2415,32.558,94.07
2015-10-15,25.1103,41.189,28.122,33.087,95.96
2015-10-16,24.9296,41.6265,28.538,33.11,97.54
2015-10-19,25.0819,41.7241,28.6575,33.305,98.47
2015-10-20,25.5474,41.8539,28.044,32.514,97.0
2015-10-21,25.5444,41.3538,27.7885,32.1305,97.11
2015-10-22,25.9304,42.0808,28.1955,32.5895,99.67
2015-10-23,26.7349,46.3238,29.9515,35.1,102.19
2015-10-26,25.8814,47.5319,30.4305,35.639,103.77
2015-10-27,25.7165,47.0405,30.5505,35.4245,103.7
2015-10-28,26.78,47.2975,30.855,35.6475,104.2
2015-10-29,27.058,46.7535,31.3275,35.846,104.88
2015-10-30,26.8301,46.1185,31.295,35.5405,101.97
2015-11-02,27.2044,46.6449,31.4175,36.0555,103.31
2015-11-03,27.5225,47.445,31.2655,36.108,102.58
2015-11-04,27.3881,47.6638,32.0475,36.4055,103.94
2015-11-05,27.2663,47.647,32.7825,36.5625,108.76
2015-11-06,27.2995,48.12,32.9685,36.688,107.1
2015-11-09,27.1818,47.4519,32.7745,36.2445,106.49
2015-11-10,26.3284,46.8823,32.984,36.416,107.91
2015-11-11,26.1819,47.0064,33.6625,36.77,109.01
2015-11-12,26.0926,46.7164,33.28,36.5615,108.02
2015-11-13,25.3253,46.2953,32.1175,35.85,103.95
2015-11-16,25.743,47.102,32.3905,36.448,104.04
2015-11-17,25.6368,46.7231,32.165,36.265,105.13
2015-11-18,26.4394,47.4987,33.177,37.0,107.77
2015-11-19,26.784,47.5799,33.0635,36.9205,106.26
2015-11-20,26.9038,47.7996,33.4225,37.83,107.32
2015-11-23,26.5434,47.7996,33.9495,37.799,106.95
2015-11-24,26.8056,47.8533,33.5575,37.414,105.74
2015-11-25,26.6111,47.357,33.767,37.4075,105.41
2015-11-27,26.5571,47.5709,33.663,37.513,105.45
2015-11-30,26.675,47.9401,33.24,37.13,104.24
2015-12-01,26.4462,48.7068,33.953,38.352,107.12
2015-12-02,26.2212,48.6979,33.8005,38.119,106.07
2015-12-03,25.9767,47.8094,33.3125,37.627,104.38
2015-12-04,26.84,49.3164,33.632,38.3405,106.18
2015-12-07,26.6701,49.2286,33.4915,38.1625,105.61
2015-12-08,26.6573,49.2108,33.8665,38.1185,106.49
2015-12-09,26.068,48.4967,33.2395,37.5805,104.6
2015-12-10,26.1947,48.7528,33.116,37.473,105.42
2015-12-11,25.5221,47.6833,32.0075,36.9435,102.12
2015-12-14,25.3581,48.6365,32.8955,37.3885,104.66
2015-12-15,24.913,48.6883,32.932,37.17,104.55
2015-12-16,25.1016,49.5119,33.7885,37.9045,106.79
2015-12-17,24.5692,49.1317,33.5325,37.4715,106.22
2015-12-18,23.9101,47.7459,33.207,36.9655,104.04
2015-12-21,24.1981,48.3641,33.2255,37.3885,104.77
2015-12-22,24.1785,48.823,33.1575,37.5,105.51
2015-12-23,24.4898,49.2384,33.185,37.5155,104.63
2015-12-24,24.362,49.1025,33.1395,37.42,105.02
2015-12-28,24.0802,49.3515,33.76,38.1255,105.93
2015-12-29,24.5144,49.8809,34.6985,38.83,107.26
2015-12-30,24.1961,49.6689,34.4535,38.55,106.22
2015-12-31,23.7365,48.9353,33.7945,37.944,104.66
2016-01-04,23.7569,48.3376,31.8495,37.092,102.22
2016-01-05,23.1581,48.5564,31.6895,37.129,102.73
2016-01-06,22.7053,47.6755,31.6325,37.181,102.97
2016-01-07,21.7466,46.0178,30.397,36.3195,97.92
2016-01-08,21.8606,46.1565,30.3525,35.7235,97.33
2016-01-11,22.2161,46.1305,30.887,35.8015,97.51
2016-01-12,22.5372,46.554,30.8945,36.3035,99.37
2016-01-13,21.9567,45.5509,29.0905,35.028,95.44
2016-01-14,22.44,46.8481,29.65,35.736,98.37
2016-01-15,21.8987,44.9789,28.509,34.7225,94.97
2016-01-19,21.7938,44.596,28.724,35.0895,95.26
2016-01-20,21.8231,44.7999,28.5885,34.9225,94.35
2016-01-21,21.7141,44.5266,28.751,35.3295,94.16
2016-01-22,22.8663,46.1205,29.819,36.2625,97.94
2016-01-25,22.4213,45.6792,29.8265,35.5835,97.01
2016-01-26,22.544,46.0178,30.0625,35.652,97.34
2016-01-27,21.0649,45.1809,29.1675,34.9995,94.45
2016-01-28,21.2122,45.9195,31.7675,36.548,109.11
2016-01-29,21.9449,48.5485,29.2805,37.1475,112.15
2016-02-01,21.7427,48.2548,28.7405,37.6,115.09
2016-02-02,21.3007,46.7507,27.605,38.2325,114.61
2016-02-03,21.7249,46.0081,26.5535,36.3475,112.69
2016-02-04,21.8967,45.8667,26.813,35.4005,110.49
2016-02-05,21.3115,44.2441,25.1065,34.1785,104.07
2016-02-08,21.5393,43.582,24.405,34.137,99.75
2016-02-09,21.5344,43.4678,24.1035,33.9055,99.54
2016-02-10,21.3693,43.8476,24.524,34.206,101.0
2016-02-11,21.2389,43.8301,25.191,34.1555,101.91
2016-02-12,21.3056,44.544,25.354,34.12,102.01
2016-02-16,21.9057,45.3898,26.055,34.55,101.61
2016-02-17,22.2445,46.5698,26.705,35.42,105.2
2016-02-18,21.8212,46.3659,26.25,34.8675,103.47
2016-02-19,21.7722,46.0385,26.745,35.0455,104.57
2016-02-22,21.9606,46.7759,27.975,35.323,107.16
2016-02-23,21.4658,45.4718,27.647,34.7925,105.46
2016-02-24,21.786,45.6283,27.702,34.978,106.88
2016-02-25,21.9343,46.2847,27.7575,35.2875,108.07
2016-02-26,21.9674,45.5756,27.7615,35.2535,107.92
2016-02-29,21.9176,45.2024,27.626,34.8885,106.93
2016-03-01,22.7887,46.7114,28.952,35.9405,109.82
2016-03-02,22.8387,47.0405,29.0105,35.9425,109.95
2016-03-03,23.0127,46.5063,28.8745,35.621,109.58
2016-03-04,23.3554,46.223,28.757,35.5445,108.39
2016-03-07,23.0943,45.3351,28.14,34.758,105.73
2016-03-08,22.9024,45.8861,28.013,34.6985,105.93
2016-03-09,22.9242,46.9438,27.9735,35.262,107.51
2016-03-10,22.9361,46.2396,27.9465,35.641,107.32
2016-03-11,23.1805,47.147,28.4805,36.341,109.41
2016-03-14,23.2396,47.2368,28.6685,36.5245,109.89
2016-03-15,23.7108,47.6099,28.851,36.4165,110.67
2016-03-16,24.0183,48.282,28.7135,36.8045,112.18
2016-03-17,23.9801,48.5584,27.972,36.889,111.02
2016-03-18,24.0085,47.5192,27.604,36.88,111.45
2016-03-21,24.0056,47.8504,27.699,37.1045,111.85
2016-03-22,24.1902,48.0358,28.024,37.0375,112.25
2016-03-23,24.0567,47.946,28.4815,36.903,112.54
2016-03-24,23.9535,48.1628,29.1475,36.765,113.05
2016-03-28,23.8463,47.565,28.9935,36.6765,113.69
2016-03-29,24.4141,48.6043,29.693,37.2385,116.14
2016-03-30,24.8375,48.9043,29.9345,37.5265,114.7
2016-03-31,24.7066,49.0645,29.682,37.2475,114.1
2016-04-01,24.9326,49.3682,29.925,37.4955,116.06
2016-04-04,25.188,49.2449,29.6595,37.2645,112.55
2016-04-05,24.8963,48.4716,29.307,36.89,112.22
2016-04-06,25.1526,48.9696,30.104,37.2845,113.71
2016-04-07,24.6037,48.3836,29.5715,37.014,113.64
2016-04-08,24.633,48.3485,29.73,36.9575,110.63
2016-04-11,24.7136,48.2458,29.7965,36.805,108.99
2016-04-12,25.0358,48.5505,30.1585,37.1545,110.61
2016-04-13,25.394,49.1737,30.741,37.586,110.51
2016-04-14,25.4069,49.1816,31.0375,37.66,110.84
2016-04-15,24.9063,49.4365,31.2945,37.95,109.64
2016-04-18,24.369,50.1593,31.7675,38.3305,110.45
2016-04-19,24.2355,50.0957,31.395,37.6965,112.29
2016-04-20,24.2874,49.3857,31.6495,37.6335,112.42
2016-04-21,24.0183,49.5548,31.55,37.957,113.44
2016-04-22,23.9565,46.0014,31.025,35.9385,110.56
2016-04-25,23.821,46.2933,31.31,36.1575,110.1
2016-04-26,23.655,45.6976,30.844,35.407,108.76
2016-04-27,22.1729,45.2552,30.3285,35.292,108.94
2016-04-28,21.4971,44.332,30.1,34.551,116.73
2016-04-29,21.2488,44.3147,32.9795,34.6505,117.58
2016-05-02,21.2251,44.9631,34.1925,34.9105,118.57
2016-05-03,21.5766,44.2247,33.566,34.618,117.43
2016-05-04,21.3505,44.3047,33.549,34.785,118.06
2016-05-05,21.2633,44.3693,32.9525,35.0705,117.81
2016-05-06,21.1475,44.7668,33.6975,35.556,119.48
2016-05-09,21.1635,44.4826,33.9875,35.645,119.24
2016-05-10,21.3056,45.3254,35.1535,36.159,120.5
2016-05-11,21.1003,45.3529,35.678,35.7645,119.53
2016-05-12,20.6024,45.761,35.8965,35.6655,120.28
2016-05-13,20.6425,45.38,35.496,35.5415,119.81
2016-05-16,21.4118,46.0483,35.533,35.8245,118.66
2016-05-17,21.3214,45.1887,34.7635,35.3145,117.35
2016-05-18,21.5669,45.4574,34.8725,35.3315,117.65
2016-05-19,21.4846,45.0187,34.926,35.016,116.81
2016-05-20,21.719,45.2835,35.14,35.487,117.35
2016-05-23,21.9922,44.758,34.8375,35.212,115.97
2016-05-24,22.328,46.1516,35.21,36.0045,117.69
2016-05-25,22.7151,46.644,35.4175,36.2635,117.89
2016-05-26,22.9004,46.4254,35.7455,36.206,119.47
2016-05-27,22.8871,46.7994,35.612,36.633,119.38
2016-05-31,22.7748,47.4166,36.1395,36.7775,118.84
2016-06-01,22.4566,47.2906,35.972,36.7075,118.78
2016-06-02,22.2889,46.9498,36.412,36.52,118.93
2016-06-03,22.333,46.3325,36.277,36.117,118.47
2016-06-06,22.4959,46.6344,36.3365,35.8275,118.79
2016-06-07,22.5853,46.6088,36.187,35.8325,117.76
2016-06-08,22.5647,46.554,36.332,36.414,118.39
2016-06-09,22.7268,46.1791,36.3825,36.429,118.56
2016-06-10,22.542,46.056,35.901,35.9695,116.62
2016-06-13,22.2003,44.8567,35.762,35.918,113.95
2016-06-14,22.2288,44.5763,35.965,35.9135,114.93
2016-06-15,22.1551,44.4541,35.713,35.946,114.6
2016-06-16,22.2485,45.0804,35.8755,35.5185,114.39
2016-06-17,21.7427,44.8467,35.3195,34.586,113.02
2016-06-20,21.6918,44.7931,35.7005,34.6855,113.37
2016-06-21,21.8734,45.7952,35.791,34.797,114.38
2016-06-22,21.7958,45.6264,35.53,34.884,113.91
2016-06-23,21.9166,46.4427,36.104,35.0935,115.08
2016-06-24,21.3007,44.5763,34.948,33.761,112.08
2016-06-27,20.9932,43.3272,34.568,33.413,108.97
2016-06-28,21.3452,44.2296,35.3975,34.002,112.7
2016-06-29,21.5314,45.214,35.773,34.2055,114.16
2016-06-30,21.8044,45.7769,35.781,34.605,114.28
2016-07-01,21.8685,45.7679,36.281,34.9605,114.19
2016-07-05,21.678,45.7769,36.405,34.7475,114.2
2016-07-06,21.7878,45.9671,36.8785,34.8885,116.7
2016-07-07,21.8801,45.9671,36.8285,34.768,115.85
2016-07-08,22.0501,46.7916,37.2905,35.2815,117.24
2016-07-11,22.119,47.0482,37.689,35.7545,117.87
2016-07-12,22.2191,47.6022,37.4105,36.032,117.93
2016-07-13,22.0933,47.8717,37.1315,35.849,116.78
2016-07-14,22.5274,48.076,37.06,36.0475,117.29
2016-07-15,22.5274,48.0418,36.7715,35.9855,116.86
2016-07-18,22.7679,48.2712,36.8035,36.689,119.37
2016-07-19,22.7778,47.4948,36.9975,36.848,120.61
2016-07-20,22.7975,50.0187,37.286,37.0595,121.92
2016-07-21,22.6775,49.9179,37.2215,36.9315,120.61
2016-07-22,22.5019,50.6096,37.243,37.137,121.0
2016-07-25,22.2003,50.7531,36.9805,36.9885,121.63
2016-07-26,22.0471,50.7787,36.7795,36.921,121.22
2016-07-27,23.4781,50.2676,36.8335,37.0885,123.34
2016-07-28,23.7973,50.2864,37.6305,37.2955,125.0
2016-07-29,23.7688,50.7073,37.9405,38.4395,123.94
2016-08-01,24.1862,50.6186,38.387,38.644,124.31
2016-08-02,23.8287,50.6186,38.029,38.553,123.06
2016-08-03,24.1274,50.9652,37.7275,38.659,122.51
2016-08-04,24.2775,51.3421,38.0385,38.5805,124.36
2016-08-05,24.6429,51.852,38.299,39.1005,125.15
2016-08-08,24.8512,51.9428,38.328,39.088,125.26
2016-08-09,24.9524,52.067,38.4155,39.213,125.06
2016-08-10,24.7688,51.9078,38.428,39.234,124.88
2016-08-11,24.7509,52.1558,38.562,39.2425,124.9
2016-08-12,24.8079,51.8335,38.628,39.161,124.88
2016-08-15,25.1016,51.9937,38.4245,39.122,123.9
2016-08-16,25.0819,51.7074,38.202,38.8565,123.3
2016-08-17,25.0416,51.8167,38.2315,38.9955,124.37
2016-08-18,25.0133,51.851,38.223,38.875,123.91
2016-08-19,25.0771,51.8695,37.8655,38.771,123.56
2016-08-22,24.8835,51.9155,37.974,38.6075,124.15
2016-08-23,24.9621,52.1118,38.1225,38.604,124.37
2016-08-24,24.7727,52.1664,37.8625,38.482,123.5
2016-08-25,24.6626,52.3647,37.961,38.4705,123.89
2016-08-26,24.5183,52.2465,38.45,38.477,124.96
2016-08-29,24.4967,52.3022,38.5645,38.6075,126.54
2016-08-30,24.3051,52.1118,38.379,38.4545,125.84
2016-08-31,24.3325,51.7248,38.458,38.356,126.12
2016-09-01,24.4768,51.8325,38.531,38.439,126.17
2016-09-02,24.7017,51.9155,38.622,38.573,126.51
2016-09-06,24.694,51.8608,39.443,39.004,129.73
2016-09-07,24.8492,51.9068,39.224,39.0175,131.05
2016-09-08,24.1961,51.6976,39.203,38.766,130.26
2016-09-09,23.6481,50.6017,38.0925,37.983,127.1
2016-09-12,24.1803,51.3567,38.5745,38.451,128.69
2016-09-13,24.7559,50.8869,38.0505,37.9845,127.22
2016-09-14,25.6319,50.6436,38.0545,38.1245,127.79
2016-09-15,26.4953,51.4818,38.4845,38.605,128.34
2016-09-16,26.3539,51.5355,38.926,38.444,129.07
2016-09-19,26.0435,51.2484,38.755,38.285,128.65
2016-09-20,26.0415,51.1378,39.011,38.5705,128.64
2016-09-21,26.0357,51.9937,39.487,38.811,129.93
2016-09-22,26.2791,52.0484,40.235,39.3605,130.08
2016-09-23,25.8449,51.6976,40.2905,39.345,127.96
2016-09-26,25.8814,51.221,39.958,38.71,127.32
2016-09-27,25.9304,52.1664,40.8055,39.1505,128.71
2016-09-28,26.1319,52.2388,41.436,39.078,129.22
2016-09-29,25.7265,51.6693,41.4525,38.7505,128.09
2016-09-30,25.9208,51.851,41.8655,38.8645,128.27
2016-10-03,25.804,51.6878,41.837,38.628,128.77
2016-10-04,25.9079,51.5276,41.7015,38.8215,128.19
2016-10-05,25.9208,51.8871,42.218,38.8235,128.47
2016-10-06,26.12,51.975,42.083,38.843,128.74
2016-10-07,26.1594,52.0307,41.9715,38.754,128.99
2016-10-10,26.6111,52.2465,42.0855,39.297,130.24
2016-10-11,26.6701,51.4818,41.55,39.1535,128.86
2016-10-12,26.9108,51.4115,41.7045,39.307,129.05
2016-10-13,26.8252,51.2385,41.473,38.9095,127.82
2016-10-14,26.9757,51.6878,41.148,38.9265,127.88
2016-10-17,26.9579,51.5103,40.6475,38.998,127.54
2016-10-18,26.9381,51.9068,40.8825,39.763,128.55
2016-10-19,26.8596,51.7896,40.8845,40.078,130.11
2016-10-20,26.845,51.5355,40.516,39.8485,130.0
2016-10-21,26.7378,53.7048,40.9495,39.969,132.07
2016-10-24,26.9794,54.9112,41.9045,40.6555,133.28
2016-10-25,27.1118,54.9013,41.759,40.3835,132.29
2016-10-26,26.5003,54.5791,41.1295,39.9535,131.04
2016-10-27,26.2527,54.0995,40.918,39.7675,129.69
2016-10-28,26.0778,53.8963,38.816,39.7685,131.29
2016-10-31,26.0337,53.9422,39.491,39.227,130.99
2016-11-01,25.567,53.8298,39.2705,39.1805,129.5
2016-11-02,25.5899,53.5015,38.278,38.435,127.17
2016-11-03,25.3135,53.3004,38.3515,38.1065,120.0
2016-11-04,25.0839,52.8502,37.7525,38.101,120.75
2016-11-07,25.4466,54.3924,39.2468,39.126,122.15
2016-11-08,25.5997,54.4364,39.3875,39.5255,124.22
2016-11-09,25.5574,54.1629,38.594,39.2655,123.18
2016-11-10,24.8444,52.8423,37.119,38.128,120.8
2016-11-11,24.9946,53.1296,36.9505,37.701,119.02
2016-11-14,24.369,52.3178,35.9535,36.804,115.08
2016-11-15,24.6842,53.3523,37.162,37.9245,117.2
2016-11-16,25.3481,54.0585,37.3245,38.224,116.34
2016-11-17,25.3381,54.9551,37.8195,38.5615,117.79
2016-11-18,25.3631,54.6923,38.008,38.027,117.02
2016-11-21,25.7525,55.1542,39.0,38.46,121.77
2016-11-22,25.7702,55.3829,39.2665,38.4135,121.47
2016-11-23,25.6388,54.7392,39.006,38.0495,120.84
2016-11-25,25.7673,54.8565,39.0185,38.084,120.38
2016-11-28,25.7165,54.9298,38.3385,38.412,120.41
2016-11-29,25.6897,55.3634,38.126,38.542,120.87
2016-11-30,25.4727,54.6112,37.5285,37.902,118.42
2016-12-01,25.235,53.6492,37.1825,37.396,115.07
2016-12-02,25.3253,53.6959,37.017,37.525,115.4
2016-12-05,25.146,54.5762,37.968,38.126,117.43
2016-12-06,25.3381,54.3319,38.236,37.9555,117.31
2016-12-07,25.5929,55.6195,38.521,38.5595,117.95
2016-12-08,25.8419,55.292,38.3665,38.82,118.9
2016-12-09,26.2654,56.1625,38.433,39.4645,119.68
2016-12-12,26.1171,56.344,38.006,39.4635,117.77
2016-12-13,26.5462,57.0757,38.717,39.805,120.31
2016-12-14,26.5462,56.8157,38.441,39.8535,120.21
2016-12-15,26.6945,56.7132,38.05,39.8925,120.57
2016-12-16,26.7319,56.4601,37.8885,39.54,119.87
2016-12-19,26.8891,57.6598,38.3,39.7075,119.24
2016-12-20,26.9579,57.5843,38.561,39.821,119.09
2016-12-21,26.9823,57.5941,38.53,39.729,119.04
2016-12-22,26.8056,57.5941,38.313,39.563,117.4
2016-12-23,26.8596,57.3129,38.0295,39.4955,117.27
2016-12-27,27.0266,57.352,38.57,39.5775,118.01
2016-12-28,26.9137,57.0853,38.6065,39.2525,116.92
2016-12-29,26.9108,57.0052,38.2575,39.1395,116.35
2016-12-30,26.6945,56.3176,37.4935,38.591,115.05
2017-01-03,26.7722,56.7132,37.6835,39.307,116.86
2017-01-04,26.7428,56.4601,37.859,39.345,118.69
2017-01-05,26.8812,56.4601,39.0225,39.7015,120.67
2017-01-06,27.1759,56.9496,39.7995,40.3075,123.41
2017-01-09,27.4244,56.7698,39.846,40.3325,124.9
2017-01-10,27.4538,56.7503,39.795,40.24,124.35
2017-01-11,27.601,57.2681,39.951,40.3955,126.09
2017-01-12,27.4893,56.7415,40.682,40.318,126.62
2017-01-13,27.437,56.8245,40.862,40.394,128.33
2017-01-17,27.658,56.6684,40.486,40.2305,127.87
2017-01-18,27.6561,56.641,40.374,40.3035,127.92
2017-01-19,27.6089,56.4601,40.452,40.1088,127.55
2017-01-20,27.658,56.8578,40.4165,40.251,127.04
2017-01-23,27.6798,57.0591,40.894,40.9655,128.93
2017-01-24,27.6501,57.5611,41.122,41.1935,129.37
2017-01-25,28.0923,57.7105,41.826,41.7835,131.48
2017-01-26,28.105,58.2457,41.9575,41.6075,132.78
2017-01-27,28.1079,59.6161,41.7875,41.1655,132.18
2017-01-30,28.0303,59.0261,41.519,40.116,130.98
2017-01-31,27.9712,58.5894,41.174,39.8395,130.34
2017-02-01,29.6735,57.6225,41.6175,39.7848,133.23
2017-02-02,29.6284,57.2492,41.9975,39.9265,130.84
2017-02-03,29.7462,57.7105,40.51,40.0745,130.98
2017-02-06,30.0359,57.6781,40.382,40.067,132.06
2017-02-07,30.313,57.4837,40.625,40.3485,131.84
2017-02-08,30.4268,57.4036,40.9855,40.419,134.15
2017-02-09,30.6577,58.0553,41.068,40.478,134.14
2017-02-10,30.5861,58.0005,41.373,40.6835,134.19
2017-02-13,30.8589,58.6531,41.8265,40.962,134.05
2017-02-14,31.2536,58.8728,41.8195,41.0195,133.85
2017-02-15,31.3698,58.8356,42.135,40.949,133.44
2017-02-16,31.333,58.8278,42.214,41.208,133.84
2017-02-17,31.4196,58.9156,42.2535,41.4035,133.53
2017-02-21,31.6465,58.8016,42.822,41.583,133.72
2017-02-22,31.7411,58.6813,42.7805,41.538,136.12
2017-02-23,31.5986,58.9156,42.6095,41.5665,135.36
2017-02-24,31.6376,58.9156,42.262,41.432,135.44
2017-02-27,31.6974,58.5631,42.432,41.464,136.41
2017-02-28,31.7114,58.3365,42.252,41.1605,135.54
2017-03-01,32.3625,59.1823,42.654,41.762,137.42
2017-03-02,32.1642,58.362,42.4455,41.5315,136.76
2017-03-03,32.3605,58.5806,42.494,41.454,137.17
2017-03-06,32.2546,58.5993,42.3305,41.378,137.42
2017-03-07,32.2978,58.7185,42.301,41.5955,137.3
2017-03-08,32.174,59.2556,42.525,41.7685,137.72
2017-03-09,32.0993,59.0182,42.65,41.934,138.24
2017-03-10,32.2075,59.202,42.61,42.1625,138.79
2017-03-13,32.2231,58.9998,42.7295,42.277,139.6
2017-03-14,32.1711,58.7282,42.6265,42.281,139.32
2017-03-15,32.517,59.0378,42.6485,42.36,139.72
2017-03-16,32.5678,58.9353,42.671,42.439,139.99
2017-03-17,32.4047,59.1473,42.6155,42.606,139.84
2017-03-20,32.7469,59.202,42.8485,42.42,139.94
2017-03-21,32.3724,58.5455,42.16,41.523,138.51
2017-03-22,32.7369,59.2898,42.403,41.4795,139.59
2017-03-23,32.6197,59.1473,42.369,40.879,139.53
2017-03-24,32.5579,59.2459,42.2805,40.7215,140.34
2017-03-27,32.6099,59.3562,42.341,40.9755,140.32
2017-03-28,33.2878,59.5281,42.8,41.046,141.76
2017-03-29,33.3595,59.6922,43.716,41.5705,142.65
2017-03-30,33.3171,59.915,43.817,41.575,142.41
2017-03-31,33.2532,60.0488,44.327,41.48,142.05
2017-04-03,33.2632,59.7646,44.5755,41.9275,142.28
2017-04-04,33.5127,59.9314,45.3415,41.7285,141.73
2017-04-05,33.3399,59.7743,45.464,41.5705,141.85
2017-04-06,33.2532,59.9314,44.914,41.394,141.17
2017-04-07,33.1777,59.8865,44.744,41.2335,140.78
2017-04-10,33.1385,59.747,45.352,41.2365,141.04
2017-04-11,32.7829,59.7021,45.118,41.1675,139.92
2017-04-12,32.8251,59.4745,44.8115,41.216,139.58
2017-04-13,32.6513,59.2195,44.2335,41.178,139.39
2017-04-17,32.8321,59.7021,45.0995,41.8585,141.42
2017-04-18,32.6857,59.6219,45.189,41.841,140.96
2017-04-19,32.5649,59.2995,44.96,41.9105,142.27
2017-04-20,32.9744,59.7205,45.103,42.0825,143.8
2017-04-21,32.9371,60.5431,44.9265,42.1595,143.68
2017-04-24,33.2484,61.5734,45.3705,43.138,145.47
2017-04-25,33.4577,61.9289,45.3815,43.615,146.49
2017-04-26,33.2582,61.8448,45.4645,43.5865,146.56
2017-04-27,33.2849,62.2473,45.919,43.7125,147.7
2017-04-28,33.2513,62.4205,46.2495,45.298,150.25
2017-05-01,33.9322,63.2855,47.4115,45.6285,152.46
2017-05-02,34.1493,63.186,47.347,45.822,152.78
2017-05-03,34.0469,62.9859,47.0515,46.352,151.8
2017-05-04,33.9193,62.7386,46.8765,46.583,150.85
2017-05-05,34.4829,62.9116,46.7075,46.3565,150.24
2017-05-08,35.4192,62.8571,47.452,46.715,151.06
2017-05-09,35.6497,62.9486,47.641,46.6085,150.48
2017-05-10,35.4751,63.1949,47.4475,46.439,150.29
2017-05-11,35.7815,62.4205,47.381,46.53,150.04
2017-05-12,36.2844,62.345,48.0675,46.611,150.33
2017-05-15,36.19,62.3929,47.8985,46.854,150.19
2017-05-16,36.1389,63.651,48.3035,47.15,149.78
2017-05-17,34.924,61.8792,47.238,45.981,144.85
2017-05-18,35.4582,62.0872,47.9245,46.512,147.66
2017-05-19,35.577,62.0696,47.992,46.7005,148.06
2017-05-22,35.7911,62.768,48.5335,47.093,148.24
2017-05-23,35.7549,62.98,48.577,47.441,148.07
2017-05-24,35.6448,63.062,49.0175,47.748,150.04
2017-05-25,35.7697,63.8395,49.669,48.477,151.96
2017-05-26,35.7087,64.1519,49.789,48.5735,152.14
2017-05-30,35.7233,64.5642,49.835,48.794,152.38
2017-05-31,35.5045,64.0425,49.731,48.243,151.46
2017-06-01,35.6056,64.281,49.7975,48.3475,151.53
2017-06-02,36.136,65.7959,50.3365,48.78,153.61
2017-06-05,35.7796,66.2802,50.567,49.184,153.63
2017-06-06,35.8991,66.5,50.15,48.836,152.81
2017-06-07,36.1164,66.38,50.5035,49.054,153.12
2017-06-08,36.0252,65.9765,50.5135,49.17,154.71
2017-06-09,34.6264,64.4822,48.9155,47.4915,149.6
2017-06-12,33.7995,63.9889,48.2455,47.145,148.44
2017-06-13,34.0795,64.7878,49.0395,47.67,150.68
2017-06-14,33.7377,64.4372,48.8235,47.538,150.25
2017-06-15,33.542,64.0981,48.2085,47.1155,149.8
2017-06-16,33.0686,64.189,49.3855,46.989,150.64
2017-06-19,34.0176,64.988,49.7585,47.8685,152.87
2017-06-20,33.705,64.1071,49.6295,47.5315,152.25
2017-06-21,33.9063,64.4372,50.1115,47.9725,153.91
2017-06-22,33.8516,64.4283,50.065,47.8545,153.4
2017-06-23,34.0028,65.2999,50.187,48.2795,155.07
2017-06-26,33.8944,64.6765,49.699,47.6135,153.59
2017-06-27,33.4084,63.4654,48.839,46.4065,150.58
2017-06-28,33.8964,64.0075,49.5165,47.0245,153.24
2017-06-29,33.3957,62.8062,48.7965,45.8895,151.04
2017-06-30,33.4772,63.2094,48.4,45.4365,150.98
2017-07-03,33.3536,62.5122,47.683,44.9055,148.43
2017-07-05,33.4931,63.3452,48.57,45.5855,150.34
2017-07-06,33.1737,62.8773,48.257,45.3345,148.82
2017-07-07,33.5157,63.6959,48.938,45.9295,151.44
2017-07-10,33.718,64.1696,49.8235,46.44,153.5
2017-07-11,33.8268,64.1793,49.7065,46.5045,155.27
2017-07-12,33.8762,65.245,50.3255,47.1915,158.9
2017-07-13,34.3464,65.8143,50.0315,47.358,159.26
2017-07-14,34.6421,66.7394,50.0905,47.8,159.97
2017-07-17,34.7658,67.2619,50.502,47.671,159.73
2017-07-18,34.8858,67.2161,51.2225,48.27,162.86
2017-07-19,35.1048,67.7298,51.3435,48.5445,164.14
2017-07-20,34.9445,68.059,51.435,48.4075,164.53
2017-07-21,34.927,67.6655,51.2835,48.646,164.43
2017-07-24,35.353,67.4904,51.9475,49.017,166.0
2017-07-25,35.5015,68.0305,52.0065,47.535,165.28
2017-07-26,35.6744,67.9048,52.64,47.39,165.61
2017-07-27,34.9957,67.0869,52.3,46.7045,170.44
2017-07-28,34.753,66.9765,51.002,47.0765,172.46
2017-07-31,34.5675,66.6662,49.389,46.525,169.25
2017-08-01,34.8779,66.5548,49.8095,46.5415,169.86
2017-08-02,36.5238,66.2628,49.7945,46.5195,169.3
2017-08-03,36.1603,66.1623,49.346,46.1825,168.59
2017-08-04,36.3551,66.6485,49.3705,46.398,169.62
2017-08-07,36.9178,66.3887,49.6135,46.468,171.96
2017-08-08,37.2015,66.7491,49.492,46.3395,171.23
2017-08-09,37.4383,66.4551,49.1005,46.145,171.18
2017-08-10,36.245,65.4821,47.846,45.362,167.4
2017-08-11,36.7507,66.4816,48.3995,45.7195,168.08
2017-08-14,37.2989,67.4817,49.165,46.1335,170.75
2017-08-15,37.7063,67.4994,49.137,46.111,171.0
2017-08-16,37.5582,67.8969,48.909,46.348,170.0
2017-08-17,36.8392,66.7453,48.0285,45.549,166.91
2017-08-18,36.7546,66.8282,47.9235,45.5335,167.41
2017-08-21,36.6838,66.5129,47.6645,45.333,167.78
2017-08-22,37.282,67.4436,48.345,46.2345,169.63
2017-08-23,37.331,67.0412,47.9,46.35,168.71
2017-08-24,37.1653,67.013,47.6225,46.064,167.74
2017-08-25,37.3018,67.1301,47.263,45.7945,166.32
2017-08-28,37.6751,67.1397,47.301,45.6905,167.24
2017-08-29,38.0217,67.3432,47.703,46.0645,168.05
2017-08-30,38.1228,68.229,48.3795,46.4785,169.92
2017-08-31,38.2673,68.9558,49.03,46.9665,171.97
2017-09-01,38.277,68.1644,48.9125,46.867,172.02
2017-09-05,37.8194,67.8607,48.2635,46.4225,170.72
2017-09-06,37.78,67.6665,48.39,46.3905,172.09
2017-09-07,37.6317,68.5327,48.9735,46.801,173.21
2017-09-08,37.0229,68.2005,48.295,46.325,170.95
2017-09-11,37.6828,68.9165,48.898,46.454,173.51
2017-09-12,37.5365,68.8462,49.129,46.6035,172.95
2017-09-13,37.2498,69.3347,49.98,46.7545,173.05
2017-09-14,36.9394,68.9264,49.6105,46.2555,170.96
2017-09-15,37.3068,69.4273,49.3395,46.0145,171.64
2017-09-18,37.0327,69.2869,48.7095,45.75,170.01
2017-09-19,37.0423,69.5486,48.493,46.0905,172.52
2017-09-20,36.4207,69.0863,48.6605,46.579,172.17
2017-09-21,35.7911,68.4106,48.2325,46.6225,171.11
2017-09-22,35.4453,68.5981,47.755,46.4265,170.54
2017-09-25,35.134,67.5353,46.9895,46.0485,162.87
2017-09-26,35.7412,67.5353,46.93,46.243,164.21
2017-09-27,35.9886,68.0803,47.5435,47.2245,167.68
2017-09-28,35.7697,68.1,47.82,47.475,168.73
2017-09-29,35.9619,68.6703,48.0675,47.9555,170.87
2017-10-02,35.8894,68.7819,47.9595,47.6635,169.47
2017-10-03,36.0446,68.4586,47.855,47.8895,169.96
2017-10-04,35.8098,68.8559,48.2725,47.584,168.42
2017-10-05,36.2616,70.035,49.0425,48.498,171.24
2017-10-06,36.239,70.0604,49.4755,48.919,172.23
2017-10-09,36.3697,70.3329,49.5495,48.85,172.5
2017-10-10,36.3844,70.3329,49.36,48.63,171.59
2017-10-11,36.5288,70.448,49.75,49.4625,172.74
2017-10-12,36.4051,71.0948,50.0465,49.3955,172.55
2017-10-13,36.6301,71.4385,50.147,49.484,173.74
2017-10-16,37.3068,71.584,50.317,49.6,174.52
2017-10-17,37.4481,71.5282,50.4565,49.609,176.11
2017-10-18,37.2772,71.547,49.85,49.6405,176.03
2017-10-19,36.4031,71.8223,49.3305,49.2225,174.56
2017-10-20,36.4562,72.6526,49.1455,49.41,174.98
2017-10-23,36.4413,72.6712,48.315,48.4225,171.27
2017-10-24,36.6566,72.6994,48.795,48.527,171.8
2017-10-25,36.4954,72.4896,48.6455,48.6665,170.6
2017-10-26,36.733,72.6046,48.6215,48.628,170.63
2017-10-27,38.056,77.2608,55.0475,50.9635,177.88
2017-10-30,38.9038,77.3381,55.5425,50.8555,179.87
2017-10-31,39.4499,76.6826,55.264,50.832,180.06
2017-11-01,38.94,76.6826,55.184,51.275,182.66
2017-11-02,39.2305,77.4846,54.711,51.279,178.92
2017-11-03,40.2511,77.5676,55.58,51.624,178.92
2017-11-06,40.6638,77.8732,56.033,51.295,180.17
2017-11-07,40.7904,77.6778,56.1585,51.6665,180.25
2017-11-08,41.1271,77.9562,56.644,51.9925,179.56
2017-11-09,41.0437,77.5215,56.4565,51.5525,179.3
2017-11-10,40.9041,77.3194,56.2675,51.4035,178.46
2017-11-13,40.7453,77.3751,56.4585,51.2875,178.77
2017-11-14,40.1263,77.4846,56.842,51.3,178.07
2017-11-15,39.595,76.881,56.3345,51.0455,177.95
2017-11-16,40.0744,77.0868,56.8645,51.625,179.59
2017-11-17,39.8473,76.3456,56.494,50.9545,179.0
2017-11-20,39.8054,76.4638,56.3155,50.919,178.74
2017-11-21,40.5496,77.5676,56.9745,51.7245,181.86
2017-11-22,40.9721,77.0009,57.808,51.798,180.87
2017-11-24,40.975,77.1426,59.3,52.0305,182.78
2017-11-27,40.7687,77.7062,59.7915,52.718,183.03
2017-11-28,40.5341,78.642,59.68,52.3705,182.42
2017-11-29,39.6921,77.2128,58.0605,51.083,175.13
2017-11-30,40.2433,77.9856,58.8375,51.0705,177.18
2017-12-01,40.0616,78.0667,58.1175,50.5085,175.1
2017-12-04,39.7676,75.1217,56.6975,49.934,171.47
2017-12-05,39.7318,75.5934,57.0785,50.2575,172.83
2017-12-06,39.5881,76.6973,57.647,50.919,176.08
2017-12-07,39.6532,76.4276,57.9895,51.5465,180.14
2017-12-08,39.6657,77.9767,58.1,51.844,179.0
2017-12-11,40.4378,78.9662,58.4575,52.055,179.04
2017-12-12,40.2069,79.2895,58.254,52.024,176.96
2017-12-13,40.3444,79.0795,58.2065,52.0305,178.3
2017-12-14,40.3317,78.465,58.713,52.4575,178.39
2017-12-15,40.7453,80.4685,58.949,53.2095,180.18
2017-12-18,41.3177,80.0318,59.529,53.857,180.82
2017-12-19,40.8709,79.5248,59.3715,53.534,179.51
2017-12-20,40.8315,79.2348,58.881,53.2475,177.89
2017-12-21,40.9848,79.2151,58.738,53.1815,177.45
2017-12-22,40.9848,79.2251,58.418,53.006,177.2
2017-12-26,39.9448,79.1255,58.838,52.837,175.99
2017-12-27,39.9516,79.4115,59.113,52.4685,177.62
2017-12-28,40.0685,79.4214,59.305,52.407,177.92
2017-12-29,39.6315,79.2533,58.4735,52.32,176.46
2018-01-02,40.3415,79.6334,59.45,53.245,181.42
2018-01-03,40.3346,80.0034,60.21,54.124,184.67
2018-01-04,40.5253,80.7087,60.482,54.32,184.33
2018-01-05,40.9818,81.7089,61.457,55.1115,186.85
2018-01-08,40.8414,81.7918,62.3435,55.347,188.28
2018-01-09,40.8258,81.7372,62.635,55.313,187.87
2018-01-10,40.816,81.367,62.7165,55.1305,187.84
2018-01-11,41.0506,81.6072,63.834,55.276,187.77
2018-01-12,41.4671,83.0177,65.26,56.113,179.37
2018-01-16,41.2637,81.8564,65.243,56.088,178.39
2018-01-17,41.9443,83.5158,64.75,56.599,177.6
2018-01-18,41.9826,83.4788,64.666,56.4895,179.8
2018-01-19,41.7961,83.3858,64.729,56.8755,181.29
2018-01-22,41.4515,84.8755,66.3655,57.7905,185.37
2018-01-23,41.4602,85.147,68.127,58.4985,189.35
2018-01-24,40.7992,85.0748,67.8755,58.212,186.55
2018-01-25,40.0764,85.5446,68.8975,58.5185,187.48
2018-01-26,40.1648,87.1493,70.1025,58.792,190.0
2018-01-29,39.3357,87.0173,70.884,58.779,185.98
2018-01-30,39.1032,85.9244,71.891,58.1845,187.12
2018-01-31,39.2123,88.0293,72.5445,58.497,186.89
2018-02-01,39.2907,87.3309,69.5,58.385,193.09
2018-02-02,37.5875,85.0355,71.4975,55.595,190.28
2018-02-05,36.6448,81.5331,69.5,52.79,181.26
2018-02-06,38.1808,84.6185,72.142,54.03,185.31
2018-02-07,37.3527,83.0266,70.7575,52.429,180.18
2018-02-08,36.3373,78.7649,67.525,50.076,171.595
2018-02-09,36.7823,81.7,66.98,51.889,176.11
2018-02-12,38.2574,82.5968,69.3665,52.624,176.4
2018-02-13,38.6463,83.2285,70.7255,52.605,173.15
2018-02-14,39.3575,84.5315,72.5525,53.4855,179.52
2018-02-15,40.6801,86.2525,73.088,54.476,179.96
2018-02-16,40.5467,85.6372,72.4345,54.74,177.36
2018-02-20,40.4092,86.3092,73.418,55.1355,176.01
2018-02-21,40.2237,85.1626,74.146,55.567,177.91
2018-02-22,40.5634,85.3894,74.267,55.3315,178.99
2018-02-23,41.2716,87.5588,75.0,56.3395,183.29
2018-02-26,42.0849,88.8225,76.0975,57.1875,184.93
2018-02-27,41.9502,87.6844,75.599,55.9145,181.46
2018-02-28,41.8894,87.2842,75.6225,55.2365,178.32
2018-03-01,41.1527,86.4315,74.6725,53.476,175.94
2018-03-02,41.4346,86.6159,75.0125,53.946,176.62
2018-03-05,41.5742,87.1658,76.1805,54.5465,180.4
2018-03-06,41.5378,86.868,76.882,54.753,179.78
2018-03-07,41.1596,87.3709,77.25,55.482,183.71
2018-03-08,41.6035,87.9013,77.593,56.3,182.34
2018-03-09,42.3204,89.8656,78.9445,58.002,185.23
2018-03-12,42.7293,90.0795,79.9195,58.225,184.76
2018-03-13,42.3184,87.8839,79.409,56.9085,181.88
2018-03-14,41.961,87.3613,79.55,57.4745,184.19
2018-03-15,42.0104,87.6679,79.116,57.479,183.86
2018-03-16,41.8647,88.0606,78.584,56.7865,185.09
2018-03-19,41.2224,86.4674,77.2465,54.991,172.56
2018-03-20,41.2107,86.6912,79.3255,54.8855,168.15
2018-03-21,40.2708,86.0865,79.093,54.544,169.39
2018-03-22,39.707,83.5816,77.246,52.454,164.89
2018-03-23,38.7896,81.153,74.778,51.0785,159.39
2018-03-26,40.6271,87.2937,77.793,52.6605,160.06
2018-03-27,39.5822,83.2843,74.8525,50.255,152.22
2018-03-28,39.1481,83.2101,71.571,50.228,153.03
2018-03-29,39.4566,84.9614,72.367,51.5895,159.79
2018-04-02,39.1944,82.3986,68.5995,50.3235,155.39
2018-04-03,39.595,83.5068,69.6025,50.6705,156.11
2018-04-04,40.3533,85.9479,70.5285,51.257,155.1
2018-04-05,40.6341,85.9938,72.5875,51.3905,159.34
2018-04-06,39.592,83.9924,70.2615,50.352,157.2
2018-04-09,39.986,84.4935,70.304,50.7725,157.93
2018-04-10,40.7425,86.4576,71.811,51.582,165.04
2018-04-11,40.5496,85.5094,71.3525,50.9985,166.32
2018-04-12,40.9454,87.1122,72.425,51.6255,163.87
2018-04-13,41.09,86.6443,71.5395,51.4635,164.52
2018-04-16,41.3442,87.6591,72.075,51.899,164.83
2018-04-17,41.916,89.4279,75.1915,53.708,168.66
2018-04-18,41.8207,89.7738,76.392,53.604,166.36
2018-04-19,40.6341,89.464,77.8455,54.385,168.1
2018-04-20,38.9674,88.4308,76.3745,53.648,166.28
2018-04-23,38.8585,88.7569,75.893,53.3725,165.84
2018-04-24,38.3086,86.6816,73.0045,50.999,159.69
2018-04-25,38.4804,85.9284,73.0085,51.059,159.69
2018-04-26,38.6169,87.7403,75.898,52.002,174.16
2018-04-27,38.1709,89.1935,78.631,51.5025,173.59
2018-04-30,38.8624,87.0545,78.3065,50.8665,172.0
2018-05-01,39.7658,88.4308,79.113,51.8655,173.86
2018-05-02,41.5152,87.0449,78.484,51.219,176.07
2018-05-03,41.5918,87.5673,78.604,51.186,174.02
2018-05-04,43.23,88.5804,79.0475,52.4105,176.61
2018-05-07,43.5393,89.5666,80.007,52.7395,177.97
2018-05-08,43.7514,89.1866,79.6195,52.6955,178.92
2018-05-09,44.0549,90.2376,80.4,54.138,182.66
2018-05-10,44.6846,91.1392,80.454,54.8785,185.53
2018-05-11,44.5174,90.9449,80.166,54.913,186.99
2018-05-14,44.4124,91.2516,80.077,55.01,186.64
2018-05-15,44.0068,90.5942,78.806,53.9615,184.32
2018-05-16,44.4203,90.8258,79.364,54.0885,183.2
2018-05-17,44.1395,89.9183,79.088,53.9295,183.76
2018-05-18,43.9782,90.0875,78.7185,53.318,182.68
2018-05-21,44.2915,91.2447,79.273,53.979,184.49
2018-05-22,44.1817,91.1519,79.07,53.4865,183.8
2018-05-23,44.4636,92.2392,80.093,53.9845,186.9
2018-05-24,44.4124,91.9089,80.1535,53.962,185.93
2018-05-25,44.5154,91.9557,80.5075,53.783,184.92
2018-05-29,44.3516,91.6296,80.6435,53.016,185.74
2018-05-30,44.2603,92.5086,81.2445,53.39,187.67
2018-05-31,44.1099,92.4031,81.481,54.2495,191.78
2018-06-01,44.9076,94.2236,82.077,55.975,193.99
2018-06-04,45.2836,95.0489,83.2635,56.9645,193.28
2018-06-05,45.6305,95.5453,84.8175,56.983,192.94
2018-06-06,45.7904,95.8295,84.7875,56.844,191.34
2018-06-07,45.6666,94.3077,84.465,56.193,188.18
2018-06-08,45.2541,95.0099,84.1995,56.0435,189.1
2018-06-11,45.1402,94.467,84.456,56.4995,191.54
2018-06-12,45.3828,94.7131,84.9375,56.966,192.4
2018-06-13,45.0184,94.2804,85.243,56.7395,192.41
2018-06-14,45.042,94.8176,86.193,57.606,196.81
2018-06-15,44.5774,93.6134,85.7985,57.613,195.85
2018-06-18,44.555,94.2894,86.1895,58.673,198.31
2018-06-19,43.832,94.2894,86.739,58.403,197.49
2018-06-20,44.0217,95.2376,87.504,58.492,202.0
2018-06-21,43.781,94.553,86.511,57.883,201.5
2018-06-22,43.6521,93.878,85.7835,57.774,201.74
2018-06-25,43.0012,91.9842,83.1575,56.2405,196.35
2018-06-26,43.5345,92.6287,84.5545,55.923,199.0
2018-06-27,43.4686,91.19,83.0255,55.199,195.84
2018-06-28,43.79,92.2096,85.0725,55.711,196.23
2018-06-29,43.6965,92.1903,84.99,55.7825,194.32
2018-07-02,44.1867,93.503,85.689,56.373,197.36
2018-07-03,43.4127,92.6023,84.698,55.1445,192.73
2018-07-05,43.7673,93.2646,84.9865,56.2135,198.45
2018-07-06,44.3693,94.5714,85.5315,57.0085,203.23
2018-07-09,44.9891,95.2181,86.951,57.7025,204.74
2018-07-10,44.9329,95.4788,87.1535,57.642,203.54
2018-07-11,44.3466,95.3411,87.75,57.695,202.54
2018-07-12,45.099,97.4099,89.831,59.174,206.92
2018-07-13,45.1657,98.5823,90.6515,59.441,207.32
2018-07-16,45.0696,98.094,91.1245,59.193,207.23
2018-07-17,45.1954,99.0312,92.1965,59.94,209.99
2018-07-18,44.9446,98.2982,92.146,59.794,209.36
2018-07-19,45.2953,97.6151,90.6485,59.348,208.09
2018-07-20,45.1924,99.3243,90.685,59.2455,209.94
2018-07-23,45.2345,100.957,90.1,60.275,210.91
2018-07-24,45.5566,100.663,91.462,62.404,214.67
2018-07-25,45.9859,103.622,93.1805,63.185,217.5
2018-07-26,45.8463,102.487,90.4,63.4165,176.26
2018-07-27,45.0863,100.681,90.8635,61.925,174.89
2018-07-30,44.8278,98.534,88.961,60.987,171.06
2018-07-31,44.9175,99.1478,88.872,60.863,172.58
2018-08-01,47.568,99.3342,89.8585,61.0005,171.65
2018-08-02,48.9559,100.575,91.7165,61.3075,176.37
2018-08-03,49.0973,101.024,91.1645,61.1855,177.78
2018-08-06,49.3537,101.11,92.3875,61.2385,185.69
2018-08-07,48.8873,101.776,93.124,62.111,183.81
2018-08-08,48.9204,102.363,94.326,62.2805,185.18
2018-08-09,49.3076,102.537,94.926,62.455,183.09
2018-08-10,49.1623,101.885,94.315,61.8805,180.26
2018-08-13,49.4723,101.189,94.81,61.7505,180.05
2018-08-14,49.6875,102.431,95.9825,62.105,181.11
2018-08-15,49.8015,101.053,94.131,60.719,179.53
2018-08-16,50.5303,101.034,94.326,60.3245,174.7
2018-08-17,51.5378,100.977,94.111,60.048,173.8
2018-08-20,51.0368,100.29,93.8355,60.3885,172.5
2018-08-21,50.9389,99.4405,94.171,60.081,172.62
2018-08-22,50.9409,100.478,95.245,60.3665,173.64
2018-08-23,51.0437,100.957,95.145,60.269,172.9
2018-08-24,51.205,101.718,95.2695,61.0325,174.645
2018-08-27,51.6233,102.869,96.384,62.091,177.46
2018-08-28,52.0419,103.486,96.641,61.5575,176.26
2018-08-29,52.8168,105.146,99.905,62.465,175.9
2018-08-30,53.3037,105.078,100.119,61.956,177.64
2018-08-31,53.9204,105.409,100.636,60.9095,175.73
2018-09-04,54.0984,104.844,101.976,59.85,171.16
2018-09-05,53.7407,101.805,99.741,59.324,167.18
2018-09-06,52.8462,102.039,97.9155,58.572,162.53
2018-09-07,52.4239,101.56,97.6035,58.2415,163.04
2018-09-10,51.7186,102.656,96.9505,58.232,164.18
2018-09-11,53.0289,104.394,99.3575,58.868,165.94
2018-09-12,52.3697,104.844,99.5,58.141,162.0
2018-09-13,53.6309,105.957,99.4935,58.7665,161.36
2018-09-14,53.0259,106.396,98.5095,58.6265,162.32
2018-09-17,51.6097,105.253,95.4015,57.8025,160.58
2018-09-18,51.697,106.249,97.0525,58.061,160.3
2018-09-19,51.7285,104.834,96.321,58.5545,163.06
2018-09-20,52.1173,106.581,97.215,59.3435,166.02
2018-09-21,51.5574,107.237,95.7505,58.3045,162.93
2018-09-24,52.301,107.608,96.718,58.6685,165.41
2018-09-25,52.631,107.4,98.7275,59.2325,164.91
2018-09-26,52.2127,106.981,98.7425,59.0245,166.95
2018-09-27,53.287,107.363,100.649,59.732,168.84
2018-09-28,53.4748,107.335,100.15,59.6735,164.46
2018-10-01,53.8311,108.505,100.218,59.7655,162.44
2018-10-02,54.3116,108.066,98.5655,60.0055,159.33
2018-10-03,54.9744,108.086,97.638,60.1475,162.43
2018-10-04,54.0088,105.839,95.471,58.4095,158.85
2018-10-05,53.1369,105.243,94.4825,57.8675,157.33
2018-10-08,53.009,104.024,93.221,57.4485,157.25
2018-10-09,53.7407,105.35,93.516,56.941,157.9
2018-10-10,51.252,99.6173,87.7625,54.061,151.38
2018-10-11,50.7966,99.3739,85.968,53.966,153.35
2018-10-12,52.6115,102.841,89.4305,55.504,153.74
2018-10-15,51.4888,100.995,88.0475,54.6125,153.52
2018-10-16,52.6212,104.168,90.998,56.064,158.78
2018-10-17,52.3992,103.895,91.5865,55.7845,159.42
2018-10-18,51.1725,101.815,88.536,54.3985,154.92
2018-10-19,51.9514,101.961,88.2015,54.823,154.05
2018-10-22,52.2666,102.899,89.465,55.058,154.78
2018-10-23,52.7579,101.473,88.435,55.1845,154.39
2018-10-24,50.9506,96.0345,83.21,52.5355,146.04
2018-10-25,52.0644,101.629,89.1085,54.7785,150.95
2018-10-26,51.2395,100.378,82.1405,53.5735,145.37
2018-10-29,50.2787,97.4684,76.944,51.004,142.09
2018-10-30,50.5273,97.3512,76.521,51.8105,146.22
2018-10-31,51.8454,100.233,79.9005,53.8385,151.79
2018-11-01,52.6389,99.3839,83.2765,53.5,151.75
2018-11-02,49.1514,99.6173,83.2765,52.8895,150.35
2018-11-05,47.7556,100.907,81.39,52.0045,148.68
2018-11-06,48.2673,101.11,82.1405,52.7905,149.94
2018-11-07,49.7317,105.088,87.7745,54.6695,151.53
2018-11-08,49.5588,104.883,87.7455,54.12,147.87
2018-11-09,48.6065,102.841,85.6215,53.3075,144.96
2018-11-12,46.1569,100.29,81.8425,51.9315,141.55
2018-11-13,45.6962,100.359,81.5585,51.8025,142.16
2018-11-14,44.4027,98.9147,79.9505,52.183,144.22
2018-11-15,45.4957,101.13,80.972,53.2355,143.85
2018-11-16,46.0024,102.059,79.6705,53.0745,139.53
2018-11-19,44.1817,98.6215,75.6145,51.0,131.55
2018-11-20,42.0702,95.8784,74.773,51.288,132.43
2018-11-21,42.0249,97.1853,75.8365,51.8805,134.82
2018-11-23,40.9523,97.1499,75.103,51.194,131.73
2018-11-26,41.5035,100.35,79.0665,52.431,136.38
2018-11-27,41.4178,100.995,79.071,52.2205,135.0
2018-11-28,43.011,104.734,83.8875,54.3115,136.76
2018-11-29,42.6787,103.865,83.6785,54.415,138.68
2018-11-30,42.4492,104.512,84.5085,54.7215,140.61
2018-12-03,43.9332,105.644,88.618,55.3215,141.09
2018-12-04,42.0054,102.284,83.42,52.541,137.93
2018-12-06,41.5279,102.929,84.9595,53.4365,139.63
2018-12-07,40.0517,98.7965,81.4565,51.829,137.42
2018-12-10,40.3149,101.424,82.0515,51.9775,141.85
2018-12-11,40.0862,102.354,82.162,52.5875,142.08
2018-12-12,40.197,102.821,83.177,53.184,144.5
2018-12-13,40.6371,103.155,82.919,53.095,145.01
2018-12-14,39.3357,99.93,79.5955,52.105,144.06
2018-12-17,38.9694,96.983,76.0455,50.8265,140.19
2018-12-18,39.478,98.0059,77.574,51.4355,143.66
2018-12-19,38.2426,97.7419,74.754,51.1505,133.24
2018-12-20,37.2772,95.689,73.0415,50.4705,133.4
2018-12-21,35.8277,92.5868,68.8725,48.977,124.95
2018-12-24,34.9043,88.7209,67.198,48.811,124.06
2018-12-26,37.3597,94.7804,73.545,51.973,134.18
2018-12-27,37.1161,95.3705,73.082,52.194,134.52
2018-12-28,37.1358,94.6183,73.901,51.854,133.2
2018-12-31,37.4973,95.7437,75.0985,51.7805,131.09
2019-01-02,37.5385,95.3129,76.9565,52.2925,135.68
2019-01-03,33.7995,91.8045,75.014,50.803,131.74
2019-01-04,35.2414,96.0834,78.7695,53.5355,137.95
2019-01-07,35.1607,96.2065,81.4755,53.4195,138.05
2019-01-08,35.8306,96.8953,82.829,53.814,142.53
2019-01-09,36.4413,98.2982,82.971,53.733,144.23
2019-01-10,36.5584,97.6639,82.811,53.5165,144.2
2019-01-11,36.2019,96.8953,82.028,52.8595,143.8
2019-01-14,35.6596,96.1968,80.8605,52.2345,145.39
2019-01-15,36.3894,98.9542,83.728,53.8575,148.95
2019-01-16,36.8333,99.3054,84.189,54.0485,147.54
2019-01-17,37.0493,100.018,84.661,54.495,148.3
2019-01-18,37.2752,101.54,84.81,54.913,150.04
2019-01-22,36.4393,99.5984,81.6085,53.526,147.57
2019-01-23,36.5836,100.585,82.001,53.7785,144.3
2019-01-24,36.2981,100.086,82.7465,53.695,145.83
2019-01-25,37.5021,101.024,83.5285,54.5495,149.01
2019-01-28,37.1525,99.0215,81.8945,53.504,147.47
2019-01-29,36.7705,97.0241,79.694,53.031,144.19
2019-01-30,39.279,100.261,83.5215,54.453,150.42
2019-01-31,39.5656,98.4454,85.9365,55.8185,166.69
2019-02-01,39.5822,96.8755,81.3115,55.5375,165.71
2019-02-04,40.7097,99.6575,81.6655,56.64,169.25
2019-02-05,41.4031,101.071,82.9405,57.2995,171.16
2019-02-06,41.4178,99.93,82.013,55.7615,170.49
2019-02-07,40.6341,99.1973,80.7185,54.9355,166.38
2019-02-08,40.6831,99.5885,79.411,54.753,167.33
2019-02-11,40.4467,99.1776,79.55,54.7505,165.79
2019-02-12,40.7953,100.76,81.9005,56.0685,165.04
2019-02-13,40.6271,100.681,82.0,56.008,164.07
2019-02-14,40.7744,100.77,81.1325,56.0835,163.95
2019-02-15,40.6861,101.989,80.3975,55.6825,162.5
2019-02-19,40.8041,101.941,81.379,55.928,162.29
2019-02-20,41.0701,101.444,81.105,55.69,162.56
2019-02-21,40.8354,103.573,80.972,54.8485,160.04
2019-02-22,41.2922,105.048,81.578,55.5185,161.89
2019-02-25,41.5918,105.624,81.65,55.47,164.62
2019-02-26,41.6164,106.357,81.82,55.7565,164.13
2019-02-27,41.7459,106.18,82.0545,55.8025,162.81
2019-02-28,41.3373,106.044,81.9915,55.996,161.45
2019-03-01,41.7696,106.514,83.5865,57.0495,162.28
2019-03-04,41.9826,106.269,84.8085,57.39,167.37
2019-03-05,41.9061,105.721,84.6215,58.1015,171.26
2019-03-06,41.6605,105.769,83.4475,57.893,172.51
2019-03-07,41.1823,104.482,81.2975,57.165,169.13
2019-03-08,41.2786,104.598,81.04,57.116,169.6
2019-03-11,42.7086,106.807,83.531,58.788,172.07
2019-03-12,43.1906,107.538,83.655,59.66,171.92
2019-03-13,43.3793,108.387,84.5405,59.666,173.37
2019-03-14,43.8615,108.476,84.311,59.2775,170.17
2019-03-15,44.432,109.707,85.618,59.223,165.98
2019-03-18,44.8859,111.288,87.1075,59.213,160.47
2019-03-19,44.5294,111.367,88.0925,59.9425,161.57
2019-03-20,44.9205,111.24,89.8635,61.1985,165.44
2019-03-21,46.5702,113.808,90.963,61.577,166.08
2019-03-22,45.6076,110.8,88.2385,60.275,164.34
2019-03-25,45.0617,111.377,88.713,59.65,166.29
2019-03-26,44.5931,111.601,89.188,59.231,167.68
2019-03-27,44.9961,110.537,88.285,58.651,165.87
2019-03-28,45.0568,110.684,88.671,58.4245,165.55
2019-03-29,45.3445,111.63,89.0375,58.6655,166.69
2019-04-01,45.6548,112.657,90.7095,59.7215,168.7
2019-04-02,46.3198,112.822,90.699,60.0245,174.2
2019-04-03,46.634,113.576,91.035,60.296,173.54
2019-04-04,46.7135,112.989,90.943,60.75,176.02
2019-04-05,47.03,113.497,91.864,60.3575,175.72
2019-04-08,47.7734,113.536,92.493,60.192,174.93
2019-04-09,47.6271,112.911,91.792,59.8625,177.58
2019-04-10,47.8925,113.779,92.3665,60.108,177.82
2019-04-11,47.4943,113.908,92.2035,60.231,177.51
2019-04-12,47.4747,114.483,92.153,60.8935,179.1
2019-04-15,47.5631,114.572,92.2435,61.055,179.65
2019-04-16,47.568,114.318,93.152,61.3565,178.87
2019-04-17,48.4923,115.275,93.241,61.817,178.78
2019-04-18,48.6652,116.768,93.0845,61.8185,178.28
2019-04-22,48.8261,117.14,94.3655,62.442,181.44
2019-04-23,49.5295,118.76,96.1885,63.2275,183.78
2019-04-24,49.4528,118.34,95.0875,62.8,182.58
2019-04-25,49.007,122.25,95.1125,63.1725,193.26
2019-04-26,48.7731,122.951,97.5315,63.609,191.49
2019-04-29,48.8456,122.834,96.9215,64.379,194.78
2019-04-30,47.9049,123.646,96.326,59.424,193.4
2019-05-01,50.2593,121.046,95.576,58.404,193.03
2019-05-02,49.9301,119.477,95.041,58.1305,192.53
2019-05-03,50.55,122.005,98.123,59.27,195.47
2019-05-06,49.7672,121.301,97.5275,59.4695,193.88
2019-05-07,48.4297,118.829,96.05,58.705,189.77
2019-05-08,48.4363,118.819,95.8885,58.3135,189.54
2019-05-09,47.9176,118.819,94.9935,58.119,188.65
2019-05-10,47.2539,120.324,94.499,58.2135,188.34
2019-05-13,44.5077,116.749,91.134,56.6015,181.54
2019-05-14,45.2149,118.069,92.006,56.022,180.73
2019-05-15,45.7539,119.737,93.5575,58.2105,186.27
2019-05-16,45.5487,122.493,95.3785,58.949,186.99
2019-05-17,45.2933,121.663,93.45,58.115,185.3
2019-05-20,43.8762,119.906,92.9485,56.9425,182.72
2019-05-21,44.716,120.548,92.876,57.4815,184.82
2019-05-22,43.7995,121.291,92.984,57.571,185.32
2019-05-23,43.0551,119.877,90.774,57.0385,180.87
2019-05-24,42.8882,119.924,91.164,56.6735,181.06
2019-05-28,42.7126,119.867,91.8215,56.7075,184.31
2019-05-29,42.5081,118.722,90.9595,55.823,182.19
2019-05-30,42.7293,119.467,90.816,55.8975,183.01
2019-05-31,41.9561,117.511,88.7535,55.1815,177.47
2019-06-03,41.5279,113.858,84.6345,51.8115,164.15
2019-06-04,43.0501,117.004,86.478,52.6525,167.5
2019-06-05,43.7476,119.554,86.925,52.111,168.17
2019-06-06,44.386,121.437,87.718,52.217,168.33
2019-06-07,45.5664,124.837,90.2015,53.302,173.35
2019-06-10,46.151,125.968,93.0315,54.019,174.82
2019-06-11,46.6823,125.49,93.185,53.936,178.1
2019-06-12,46.5349,124.926,92.766,53.8515,175.04
2019-06-13,46.5281,125.695,93.515,54.4385,177.47
2019-06-14,46.1901,125.824,93.4835,54.2675,181.33
2019-06-17,46.466,126.203,94.3015,54.625,189.01
2019-06-18,47.5582,128.402,95.0685,55.18,188.47
2019-06-19,47.4168,128.919,95.4395,55.1165,187.48
2019-06-20,47.804,130.11,95.9095,55.571,189.53
2019-06-21,47.6387,130.13,95.565,56.094,191.14
2019-06-24,47.5898,130.894,95.695,55.776,192.6
2019-06-25,46.8679,126.77,93.9135,54.3175,188.84
2019-06-26,47.8805,127.259,94.8915,53.99,187.66
2019-06-27,47.8656,127.454,95.214,53.8005,189.5
2019-06-28,47.4296,127.288,94.6815,54.0455,193.0
2019-07-01,48.3019,128.909,96.1095,54.8975,193.0
2019-07-02,48.5847,129.759,96.7155,55.5625,195.0
2019-07-03,48.9873,130.589,96.95,56.079,197.2
2019-07-05,48.9432,130.218,97.1455,56.5795,196.4
2019-07-08,47.9313,130.12,97.616,55.8175,195.76
2019-07-09,48.2272,129.644,99.415,56.2415,199.21
2019-07-10,48.7024,130.959,100.87,57.024,202.73
2019-07-11,48.351,131.488,100.054,57.2105,201.23
2019-07-12,48.7194,131.967,100.55,57.245,204.87
2019-07-15,49.1796,131.967,101.05,57.517,203.91
2019-07-16,49.009,130.238,100.495,57.679,203.84
2019-07-17,48.732,129.486,99.6015,57.3175,201.8
2019-07-18,49.2857,129.614,98.895,57.3165,200.78
2019-07-19,48.5509,129.799,98.226,56.505,198.36
2019-07-22,49.6602,131.516,99.2815,56.9035,202.32
2019-07-23,50.0469,132.347,99.7245,57.3105,202.36
2019-07-24,50.0057,133.686,100.04,56.8905,204.66
2019-07-25,49.612,133.186,98.691,56.606,200.71
2019-07-26,49.783,134.29,97.1525,62.5205,199.75
2019-07-29,50.2514,133.989,95.6225,61.9705,195.94
2019-07-30,50.0335,133.344,94.9265,61.257,197.04
2019-07-31,51.0537,129.486,93.339,60.834,194.23
2019-08-01,49.948,131.156,92.766,60.4505,192.73
2019-08-02,48.8912,130.063,91.162,59.6995,189.02
2019-08-05,46.3347,125.598,88.2565,57.616,181.73
2019-08-06,47.2095,127.971,89.3915,58.4975,184.51
2019-08-07,47.7028,128.519,89.67,58.6995,185.15
2019-08-08,48.7515,131.958,91.6445,60.24,190.16
2019-08-09,48.351,130.824,90.379,59.4005,187.85
2019-08-12,48.2272,129.016,89.246,58.7355,185.37
2019-08-13,50.2708,131.675,91.217,59.8635,188.45
2019-08-14,48.7731,127.728,88.148,58.2145,179.71
2019-08-15,48.5319,127.434,88.806,58.363,182.59
2019-08-16,49.6758,129.759,89.6285,58.88,183.7
2019-08-19,50.5989,131.938,90.806,59.9225,186.17
2019-08-20,50.6009,130.834,90.069,59.1345,183.81
2019-08-21,51.1531,132.307,91.177,59.5625,183.55
2019-08-22,51.1085,131.332,90.28,59.4765,182.04
2019-08-23,48.7457,127.161,87.481,57.5645,177.75
2019-08-26,49.6728,129.125,88.4435,58.4445,180.36
2019-08-27,49.1149,129.406,88.0915,58.392,181.3
2019-08-28,49.4383,129.233,88.2125,58.551,181.76
2019-08-29,50.2807,131.665,89.32,59.6425,185.57
2019-08-30,50.2169,131.41,88.8145,59.405,185.67
2019-09-03,49.4802,129.672,89.492,58.4195,182.39
2019-09-04,50.324,131.185,90.031,59.0705,187.14
2019-09-05,51.3072,133.511,92.036,60.569,190.9
2019-09-06,51.3012,132.593,91.6755,60.2465,187.49
2019-09-09,51.5183,131.078,91.5675,60.2205,188.76
2019-09-10,52.1272,129.71,91.0275,60.3,186.17
2019-09-11,53.7872,129.75,91.1495,61.0085,188.49
2019-09-12,53.6643,131.078,92.1775,61.7125,187.47
2019-09-13,52.6212,130.894,91.967,61.978,187.19
2019-09-16,52.898,129.945,90.392,61.565,186.22
2019-09-17,53.0945,130.959,91.1275,61.4575,188.08
2019-09-18,53.5858,132.046,90.873,61.6205,188.14
2019-09-19,53.1574,134.488,91.075,61.9355,190.14
2019-09-20,52.3795,132.923,89.708,61.4965,189.93
2019-09-23,52.6135,132.631,89.265,61.7015,186.82
2019-09-24,52.3677,130.95,87.0805,60.938,181.28
2019-09-25,53.1742,132.845,88.4165,62.326,182.8
2019-09-26,52.8951,133.013,86.992,62.0695,180.11
2019-09-27,52.6389,131.284,86.2725,61.2545,177.1
2019-09-30,53.8766,132.524,86.7955,60.95,178.08
2019-10-01,54.0276,130.657,86.7825,60.255,175.81
2019-10-02,52.6704,128.343,85.6615,58.8315,174.6
2019-10-03,53.1242,129.905,86.221,59.3915,179.38
2019-10-04,54.6054,131.665,86.9825,60.45,180.45
2019-10-07,54.6179,130.707,86.633,60.384,179.68
2019-10-08,53.9816,129.34,85.2755,59.4565,177.75
2019-10-09,54.611,131.772,86.0995,60.1155,179.85
2019-10-10,55.3505,132.593,86.013,60.4335,180.03
2019-10-11,56.8208,133.149,86.596,60.7725,184.19
2019-10-14,56.7384,133.023,86.8215,60.857,183.28
2019-10-15,56.6075,134.946,88.369,62.1505,188.89
2019-10-16,56.3818,133.842,88.8715,62.182,189.55
2019-10-17,56.5978,133.159,89.374,62.6535,190.39
2019-10-18,56.87,130.979,87.8755,62.2745,185.85
2019-10-21,57.8533,131.958,89.283,62.3075,189.76
2019-10-22,57.7253,129.985,88.2865,62.14,182.34
2019-10-23,58.4993,130.815,88.1085,62.9565,186.15
2019-10-24,58.5975,133.402,89.039,63.0495,186.38
2019-10-25,59.3175,134.155,88.0665,63.2565,187.89
2019-10-28,59.9096,137.446,88.854,64.5,189.4
2019-10-29,58.5268,136.156,88.1355,63.131,189.31
2019-10-30,58.519,137.846,88.9995,63.0645,188.25
2019-10-31,59.8409,136.666,88.833,63.0055,191.65
2019-11-01,61.5381,136.988,89.572,63.687,193.62
2019-11-04,61.9427,137.787,90.233,64.5685,194.72
2019-11-05,61.8521,137.699,90.0855,64.6015,194.32
2019-11-06,61.8798,137.319,89.7885,64.59,191.55
2019-11-07,62.5968,137.515,89.41,65.443,190.42
2019-11-08,62.7648,139.145,89.294,65.5685,190.84
2019-11-11,63.2629,139.282,88.5825,64.9595,189.61
2019-11-12,63.2036,140.189,88.9,64.94,194.47
2019-11-13,63.8117,140.425,87.6555,64.9,193.19
2019-11-14,63.3708,141.138,87.73,65.573,193.15
2019-11-15,64.119,142.956,86.9745,66.7435,195.1
2019-11-18,64.4463,143.316,87.6265,66.035,197.4
2019-11-19,64.2499,143.355,87.6395,65.773,199.32
2019-11-20,63.5042,143.112,87.2765,65.1525,197.51
2019-11-21,63.2156,142.975,86.7355,65.0675,197.93
2019-11-22,63.1606,143.083,87.286,64.767,198.82
2019-11-25,64.2683,144.665,88.692,65.3345,199.79
2019-11-26,63.7675,145.416,89.847,65.6775,198.97
2019-11-27,64.6252,145.69,90.9255,65.675,202.0
2019-11-29,64.4823,144.81,90.04,65.248,201.64
2019-12-02,63.7362,143.044,89.08,64.496,199.7
2019-12-03,62.6017,142.807,88.498,64.764,198.82
2019-12-04,63.1539,143.325,88.0345,66.027,198.71
2019-12-05,64.0779,143.404,87.024,66.4065,199.36
2019-12-06,65.3173,145.142,87.58,67.031,201.05
2019-12-09,64.4011,144.793,87.471,67.1775,201.34
2019-12-10,64.7782,144.566,86.9605,67.233,200.87
2019-12-11,65.3321,145.104,87.436,67.251,202.26
2019-12-12,65.498,146.559,88.0165,67.5135,196.75
2019-12-13,66.3899,147.809,88.047,67.3915,194.11
2019-12-16,67.5262,148.786,88.4605,68.0585,197.92
2019-12-17,67.6559,147.966,89.533,67.756,198.39
2019-12-18,67.4976,147.652,89.2015,67.631,202.5
2019-12-19,67.5634,148.953,89.614,67.802,206.06
2019-12-20,67.4251,150.544,89.325,67.4795,206.3
2019-12-23,68.5252,150.544,89.65,67.442,206.18
2019-12-24,68.588,150.514,89.4605,67.178,205.12
2019-12-26,69.9482,151.776,93.4385,68.02,207.79
2019-12-27,69.9206,152.048,93.49,67.5945,208.1
2019-12-30,70.3373,150.72,92.3445,66.807,204.41
2019-12-31,70.8488,150.829,92.392,66.851,205.25
2020-01-02,72.4683,153.613,94.9005,68.3685,209.78
2020-01-03,71.7661,151.726,93.7485,68.033,208.67
2020-01-06,72.3337,152.118,95.144,69.7105,212.6
2020-01-07,71.997,150.71,95.343,69.667,213.06
2020-01-08,73.1541,153.142,94.5985,70.216,215.22
2020-01-09,74.7105,155.028,95.0525,70.9915,218.3
2020-01-10,74.8745,154.304,94.158,71.4865,218.06
2020-01-13,76.4775,156.19,94.565,71.9615,221.91
2020-01-14,75.4434,155.068,93.472,71.544,219.06
2020-01-15,75.1183,156.093,93.101,71.96,221.15
2020-01-16,76.06,158.934,93.897,72.585,221.77
2020-01-17,76.9037,159.833,93.236,74.0195,222.14
2020-01-21,76.3821,159.257,94.6,74.22,221.44
2020-01-22,76.6543,158.476,94.373,74.2975,221.32
2020-01-23,77.0225,159.471,94.229,74.3325,219.76
2020-01-24,76.8008,157.84,93.082,73.3355,217.94
2020-01-27,74.5445,155.213,91.417,71.695,214.87
2020-01-28,76.6523,158.251,92.6625,72.628,217.79
2020-01-29,78.256,160.722,92.9,72.9315,223.23
2020-01-30,78.142,165.265,93.534,72.792,209.53
2020-01-31,74.6821,162.823,100.436,71.7115,201.91
2020-02-03,74.4748,166.796,100.21,74.297,204.19
2020-02-04,76.9331,172.286,102.484,72.3535,209.83
2020-02-05,77.5568,172.071,101.994,72.4115,210.11
2020-02-06,78.4673,175.627,102.512,73.8115,210.85
2020-02-07,77.4008,175.88,103.964,73.9615,212.33
2020-02-10,77.7672,180.491,106.696,75.434,213.06
2020-02-11,77.3015,176.418,107.54,75.4395,207.19
2020-02-12,79.134,176.681,108.0,75.9135,210.76
2020-02-13,78.5703,175.705,107.494,75.733,213.14
2020-02-14,78.59,177.296,106.744,76.037,214.18
2020-02-18,77.1521,179.066,107.784,75.9835,217.8
2020-02-19,78.2679,179.613,108.511,76.3345,217.49
2020-02-20,77.4674,176.887,107.655,75.9075,214.58
2020-02-21,75.7114,171.28,104.798,74.2555,210.18
2020-02-24,72.1157,163.907,100.464,71.0795,200.72
2020-02-25,69.6713,161.199,98.637,69.4225,196.77
2020-02-26,70.778,163.204,98.9795,69.659,197.2
2020-02-27,66.1513,151.716,94.215,65.9045,189.75
2020-02-28,66.1118,155.378,94.1875,66.9665,192.47
2020-03-02,72.2649,165.722,97.6975,69.4555,196.44
2020-03-03,69.9727,157.762,95.4495,67.0695,185.89
2020-03-04,73.2187,163.575,98.7915,69.326,191.76
2020-03-05,70.8408,159.471,96.2015,65.952,185.17
2020-03-06,69.9008,154.958,95.0545,64.9205,181.09
2020-03-09,64.3717,144.467,90.0305,60.778,169.5
2020-03-10,69.0102,154.324,94.591,64.0195,178.19
2020-03-11,66.6147,147.34,91.043,60.7705,170.24
2020-03-12,60.0355,133.373,83.8305,55.7455,154.47
2020-03-13,67.2276,152.341,89.25,60.9865,170.28
2020-03-16,58.5799,129.875,84.4575,54.2165,146.01
2020-03-17,61.1569,140.583,90.392,55.99,149.42
2020-03-18,59.6574,134.663,91.5,54.84,146.96
2020-03-19,59.1996,136.858,94.0465,55.7645,153.13
2020-03-20,55.4419,131.732,92.3045,53.616,149.73
2020-03-23,54.2652,130.413,95.1415,52.831,148.1
2020-03-24,59.7074,142.261,97.005,56.723,160.98
2020-03-25,59.3812,140.914,94.292,55.1245,156.21
2020-03-26,62.5035,149.715,97.7745,58.0875,163.34
2020-03-27,59.9176,143.579,95.005,55.5355,156.79
2020-03-30,61.6264,153.651,98.1975,57.341,165.95
2020-03-31,61.4987,151.258,97.486,58.1405,166.8
2020-04-01,58.2664,145.876,95.385,55.281,159.6
2020-04-02,59.2368,148.923,95.9415,56.042,158.19
2020-04-03,58.3875,147.537,95.3295,54.894,154.18
2020-04-06,63.4798,158.495,99.8795,59.346,165.55
2020-04-07,62.7433,156.825,100.58,59.3255,168.83
2020-04-08,64.3478,158.358,102.15,60.514,174.28
2020-04-09,64.8157,158.367,102.138,60.5725,175.19
2020-04-13,66.0865,158.729,108.444,60.878,174.79
2020-04-14,69.4247,166.593,114.166,63.4615,178.17
2020-04-15,68.7902,164.853,115.384,63.1235,176.97
2020-04-16,69.3383,169.806,120.41,63.1735,176.25
2020-04-17,68.3952,171.289,118.75,64.1625,179.24
2020-04-20,66.9741,167.893,119.681,63.3305,178.24
2020-04-21,64.9079,160.957,116.406,60.817,170.8
2020-04-22,66.774,166.416,118.174,63.1605,182.28
2020-04-23,66.5176,164.404,119.972,63.8155,185.13
2020-04-24,68.4378,167.424,120.511,63.9655,190.07
2020-04-27,68.4867,166.936,118.8,63.794,187.5
2020-04-28,67.3759,162.861,115.704,61.6835,182.91
2020-04-29,69.5867,170.188,118.636,67.074,194.19
2020-04-30,71.056,171.878,123.7,67.433,204.71
2020-05-01,69.9108,167.444,114.302,66.0305,202.27
2020-05-04,70.8999,171.524,115.8,66.34,205.26
2020-05-05,71.9683,173.371,115.89,67.5555,207.07
2020-05-06,72.7101,175.071,117.563,67.365,208.47
2020-05-07,73.4584,176.088,118.381,68.628,211.26
2020-05-08,75.2076,177.141,118.98,69.4185,212.35
2020-05-11,76.392,179.086,120.45,70.163,213.18
2020-05-12,75.5178,175.041,117.848,68.787,210.1
2020-05-13,74.6084,172.404,118.396,67.4665,205.1
2020-05-14,75.064,173.145,119.442,67.8065,206.81
2020-05-15,74.623,175.657,120.489,68.6595,210.88
2020-05-18,76.3801,177.356,121.313,69.197,213.19
2020-05-19,75.9391,176.116,122.466,68.6742,216.88
2020-05-20,77.4154,178.569,124.897,70.336,229.97
2020-05-21,76.8379,176.418,122.337,70.14,231.39
2020-05-22,77.3338,176.496,121.844,70.521,234.91
2020-05-26,76.8085,174.622,121.093,70.851,232.2
2020-05-27,77.1453,174.854,120.52,70.892,229.14
2020-05-28,77.1798,174.475,120.055,70.8365,225.46
2020-05-29,77.1033,176.242,122.118,71.446,225.09
2020-06-01,78.0508,175.831,123.552,71.591,231.91
2020-06-02,78.4133,177.844,123.62,71.961,232.72
2020-06-03,78.8423,178.282,123.92,71.819,230.16
2020-06-04,78.1638,175.918,123.03,70.609,226.29
2020-06-05,80.3915,180.042,124.15,71.9195,230.77
2020-06-08,80.8667,181.165,126.203,72.3305,231.4
2020-06-09,83.4192,182.552,130.043,72.808,238.67
2020-06-10,85.5653,189.32,132.372,73.2925,236.73
2020-06-11,81.459,179.133,127.898,70.192,224.43
2020-06-12,82.1614,180.559,127.251,70.659,228.58
2020-06-15,83.1777,181.722,128.634,70.9925,232.5
2020-06-16,85.3816,186.175,130.764,72.136,235.65
2020-06-17,85.2627,186.813,132.049,72.556,235.53
2020-06-18,85.2971,188.821,132.699,71.798,235.94
2020-06-19,84.8091,187.679,133.751,71.586,238.79
2020-06-22,87.0286,192.906,135.691,72.593,239.22
2020-06-23,88.8868,194.195,138.22,73.2205,242.24
2020-06-24,87.3157,190.276,136.72,71.5985,234.02
2020-06-25,88.4741,192.681,137.729,72.0665,235.68
2020-06-26,85.7588,188.831,134.644,67.995,216.08
2020-06-29,87.7347,190.853,134.019,69.7485,220.64
2020-06-30,88.4645,195.719,137.941,70.6805,227.07
2020-07-01,88.2976,196.871,143.935,71.902,237.55
2020-07-02,88.2976,198.375,144.515,73.235,233.42
2020-07-06,90.6607,202.644,152.852,74.785,240.28
2020-07-07,90.3806,200.289,150.006,74.259,240.86
2020-07-08,92.4835,204.702,154.056,74.8,243.58
2020-07-09,92.8155,206.112,159.132,75.5495,244.5
2020-07-10,93.0441,205.486,160.0,77.087,245.07
2020-07-13,92.6149,199.166,155.2,75.567,239.0
2020-07-14,94.148,200.386,154.2,76.029,239.73
2020-07-15,94.7972,200.086,150.444,75.682,240.28
2020-07-16,93.6294,196.108,149.995,75.9,240.93
2020-07-17,93.4409,195.132,148.098,75.7775,242.03
2020-07-20,95.4091,203.524,159.842,78.286,245.42
2020-07-21,94.0924,200.758,156.914,77.921,241.75
2020-07-22,94.3563,203.669,154.996,78.4245,239.87
2020-07-23,90.0614,194.801,149.328,75.784,232.6
2020-07-24,89.8383,193.606,150.445,75.5935,230.71
2020-07-27,91.9687,196.04,152.76,76.51,233.5
2020-07-28,90.4571,194.303,150.016,75.017,230.12
2020-07-29,92.1937,196.247,151.676,76.101,233.29
2020-07-30,93.3085,196.089,152.594,76.5725,234.5
2020-07-31,103.084,197.173,158.234,74.148,253.67
2020-08-03,105.668,208.259,155.594,73.7225,251.96
2020-08-04,106.376,205.135,156.942,73.2485,249.83
2020-08-05,106.76,204.811,160.252,73.6805,249.12
2020-08-06,110.49,208.093,161.25,75.005,265.28
2020-08-07,107.967,204.363,158.373,74.7245,268.44
2020-08-10,109.557,200.289,157.408,74.805,263.0
2020-08-11,106.298,195.601,154.034,74.016,256.13
2020-08-12,109.834,201.189,158.112,75.331,259.89
2020-08-13,111.757,200.729,158.051,75.9225,261.3
2020-08-14,111.661,200.905,157.401,75.3865,261.24
2020-08-17,111.375,202.233,159.12,75.899,261.16
2020-08-18,112.288,203.415,165.624,77.93,262.34
2020-08-19,112.435,202.166,163.024,77.3765,262.59
2020-08-20,114.939,206.871,164.868,79.0875,269.01
2020-08-21,120.852,205.368,164.236,79.021,267.01
2020-08-24,122.306,206.004,165.373,79.41,271.39
2020-08-25,121.294,208.688,167.324,80.411,280.82
2020-08-26,122.953,213.202,172.092,82.619,303.91
2020-08-27,121.47,218.445,170.0,81.7165,293.22
2020-08-28,121.284,220.703,170.09,82.2205,293.66
2020-08-31,125.4,217.421,172.548,81.709,293.2
2020-09-01,130.389,219.121,174.956,83.0355,295.44
2020-09-02,127.678,223.342,176.572,86.414,302.5
2020-09-03,117.465,209.502,168.4,82.092,291.12
2020-09-04,117.542,206.551,164.731,79.552,282.73
2020-09-08,109.644,195.395,157.492,76.6195,271.16
2020-09-09,114.014,203.716,163.43,77.848,273.72
2020-09-10,110.293,197.995,158.756,76.601,268.09
2020-09-11,108.84,196.696,155.811,76.036,266.61
2020-09-14,112.103,198.034,155.148,75.964,266.15
2020-09-15,112.268,201.267,157.806,77.072,272.42
2020-09-16,108.968,197.681,153.905,76.045,263.52
2020-09-17,107.23,195.621,150.436,74.7765,254.82
2020-09-18,103.83,193.198,147.746,72.9995,252.53
2020-09-21,106.973,195.279,148.023,71.558,248.15
2020-09-22,108.657,199.967,156.45,73.273,254.75
2020-09-23,104.088,193.395,149.993,70.7605,249.02
2020-09-24,105.158,195.884,150.99,71.4145,249.53
2020-09-25,109.116,200.357,154.757,72.248,254.82
2020-09-28,111.709,201.91,158.703,73.226,256.82
2020-09-29,110.864,199.811,157.244,73.4665,261.79
2020-09-30,112.533,202.781,157.436,73.48,261.9
2020-10-01,113.497,204.841,161.063,74.5045,266.63
2020-10-02,109.844,198.794,156.25,72.921,259.94
2020-10-05,113.209,202.828,159.96,74.301,264.65
2020-10-06,109.981,198.522,154.998,72.672,258.66
2020-10-07,111.826,202.293,159.784,73.0145,258.12
2020-10-08,111.719,203.023,159.528,74.2965,263.76
2020-10-09,113.675,208.075,164.332,75.761,264.45
2020-10-12,120.881,213.448,172.146,78.4575,275.75
2020-10-13,117.679,214.873,172.182,78.584,276.14
2020-10-14,117.768,212.917,168.186,78.404,271.82
2020-10-15,117.306,211.776,166.932,77.9565,266.72
2020-10-16,115.666,211.776,163.636,78.6505,265.93
2020-10-19,112.701,206.522,160.36,76.7305,261.4
2020-10-20,114.193,206.94,160.85,77.7965,267.56
2020-10-21,113.576,207.087,159.247,79.6655,278.73
2020-10-22,112.474,207.176,158.82,80.7665,278.12
2020-10-23,111.786,208.466,160.22,82.05,284.79
2020-10-26,111.796,202.536,160.352,79.5225,277.11
2020-10-27,113.308,205.584,164.316,80.213,283.29
2020-10-28,108.055,195.415,158.139,75.831,267.67
2020-10-29,112.063,197.37,160.55,78.362,280.83
2020-10-30,105.787,195.211,151.808,81.0505,263.11
2020-11-02,105.698,195.075,150.224,81.3015,261.36
2020-11-03,107.328,199.032,152.42,82.5105,265.3
2020-11-04,111.699,208.61,162.058,87.4565,287.38
2020-11-05,115.666,215.282,166.1,88.1685,294.68
2020-11-06,115.538,215.701,165.568,88.0875,293.41
2020-11-09,113.228,210.544,157.187,88.15,278.77
2020-11-10,112.889,203.445,151.751,87.0195,272.43
2020-11-11,116.324,208.767,156.87,87.6355,276.48
2020-11-12,116.052,207.714,155.514,87.492,275.08
2020-11-13,116.099,208.727,156.44,88.851,276.95
2020-11-16,117.111,209.433,156.553,89.069,278.96
2020-11-17,116.225,206.757,156.783,88.5075,275.0
2020-11-18,114.89,204.034,155.273,87.339,271.97
2020-11-19,115.489,205.33,155.851,88.196,272.94
2020-11-20,114.223,203.376,154.97,87.1095,269.7
2020-11-23,110.826,203.102,154.92,86.743,268.43
2020-11-24,112.103,206.717,155.903,88.444,276.92
2020-11-25,112.948,206.727,159.254,88.5715,275.59
2020-11-27,113.497,208.055,159.767,89.6595,277.81
2020-11-30,115.894,206.921,158.402,88.037,276.97
2020-12-01,119.457,208.993,161.004,89.905,286.55
2020-12-02,119.813,208.182,160.176,91.3975,287.52
2020-12-03,119.675,207.087,159.336,91.3385,281.85
2020-12-04,119.007,207.205,158.129,91.3995,279.7
2020-12-07,120.47,207.136,157.9,90.974,285.58
2020-12-08,121.069,208.797,158.864,90.9275,283.4
2020-12-09,118.543,204.732,155.21,89.2065,277.92
2020-12-10,119.968,203.504,155.074,88.7665,277.12
2020-12-11,119.163,206.131,155.821,89.0885,273.55
2020-12-14,118.543,207.048,157.848,88.003,274.19
2020-12-15,124.475,206.98,158.256,88.3885,275.55
2020-12-16,124.409,211.962,162.048,88.15,275.67
2020-12-17,125.283,212.097,161.804,87.395,274.48
2020-12-18,123.307,211.286,160.082,86.5505,276.4
2020-12-21,124.821,215.164,160.309,86.9685,272.79
2020-12-22,128.376,216.463,160.326,86.175,267.09
2020-12-23,127.471,213.641,159.264,86.619,268.11
2020-12-24,128.464,215.322,158.634,86.9425,267.4
2020-12-28,133.07,217.441,164.198,88.8045,277.0
2020-12-29,131.283,216.65,166.1,87.936,276.78
2020-12-30,130.173,214.286,164.292,86.976,271.87
2020-12-31,129.171,215.0,162.846,87.594,273.16
2021-01-04,125.979,210.429,159.332,86.412,268.94
2021-01-05,127.52,210.623,160.926,87.046,270.97
2021-01-06,123.249,205.161,156.919,86.7645,263.31
2021-01-07,127.433,210.996,158.108,89.3625,268.74
2021-01-08,128.542,212.294,159.135,90.3605,267.57
2021-01-11,125.557,210.232,155.71,88.336,256.84
2021-01-12,125.38,207.762,156.041,87.3275,251.09
2021-01-13,127.403,209.119,158.294,87.72,251.64
2021-01-14,125.489,205.896,156.373,87.009,245.64
2021-01-15,123.758,205.545,155.212,86.8095,251.36
2021-01-19,124.426,209.216,156.038,89.543,261.1
2021-01-20,128.522,216.835,163.169,94.345,267.48
2021-01-21,133.249,217.451,165.349,94.5625,272.87
2021-01-22,135.368,218.407,164.612,95.0525,274.5
2021-01-25,139.13,221.855,164.7,94.97,278.01
2021-01-26,139.367,224.58,166.306,95.862,282.05
2021-01-27,138.284,225.116,161.629,91.5395,272.14
2021-01-28,133.464,230.959,161.881,93.1555,265.0
2021-01-29,128.454,224.23,160.31,91.787,258.33
2021-02-01,130.576,231.653,167.144,95.0675,262.01
2021-02-02,131.402,231.516,169.0,96.3755,267.08
2021-02-03,130.379,234.887,165.627,103.504,266.65
2021-02-04,133.746,233.92,166.55,103.118,266.49
2021-02-05,133.337,234.104,167.608,104.9,268.1
2021-02-08,133.482,234.369,166.147,104.646,266.58
2021-02-09,132.599,235.636,165.25,104.176,269.45
2021-02-10,131.99,234.71,164.329,104.769,271.87
2021-02-11,131.735,236.332,163.106,104.794,270.39
2021-02-12,131.97,236.821,163.886,105.206,270.5
2021-02-16,129.848,235.569,163.448,106.095,273.97
2021-02-17,127.55,236.594,165.432,106.416,273.57
2021-02-18,126.458,236.203,166.412,105.86,269.39
2021-02-19,126.618,233.46,162.495,105.057,261.56
2021-02-22,122.845,227.197,159.037,103.244,260.33
2021-02-23,122.709,226.008,159.725,103.543,265.855
2021-02-24,122.207,227.236,157.977,104.758,264.31
2021-02-25,117.945,221.845,152.858,101.568,254.69
2021-02-26,118.212,225.136,154.646,101.843,257.62
2021-03-01,124.574,229.551,157.307,104.076,264.91
2021-03-02,121.982,226.575,154.727,103.792,259.0
2021-03-03,118.998,220.478,150.25,101.336,255.41
2021-03-04,117.121,219.666,148.878,102.455,257.64
2021-03-05,118.367,224.386,150.023,105.427,264.28
2021-03-08,113.437,220.312,147.598,101.208,255.31
2021-03-09,118.045,226.486,153.142,102.635,265.74
2021-03-10,116.983,225.176,152.882,102.752,264.9
2021-03-11,118.901,229.738,155.68,105.738,273.88
2021-03-12,117.985,228.41,154.474,103.096,268.4
2021-03-15,120.872,227.492,154.084,103.324,273.75
2021-03-16,122.425,230.305,154.593,104.626,279.28
2021-03-17,121.629,229.649,156.786,104.554,284.01
2021-03-18,117.504,223.535,151.4,101.811,278.62
2021-03-19,116.983,223.174,153.748,102.16,290.11
2021-03-22,120.292,228.642,155.544,101.929,293.54
2021-03-23,119.457,230.176,156.875,102.648,290.63
2021-03-24,117.082,228.126,154.354,102.253,282.14
2021-03-25,117.562,225.096,152.313,102.218,278.74
2021-03-26,118.162,229.112,152.602,101.778,283.02
2021-03-29,118.337,227.911,153.786,102.797,290.82
2021-03-30,116.904,224.63,152.764,102.777,288.0
2021-03-31,119.085,228.43,154.704,103.432,294.53
2021-04-01,119.909,234.797,158.05,106.888,298.66
2021-04-05,122.748,241.322,161.336,111.278,308.91
2021-04-06,123.053,240.139,161.191,111.238,306.26
2021-04-07,124.682,242.114,163.969,112.484,313.09
2021-04-08,127.091,245.366,164.965,113.272,313.02
2021-04-09,129.663,247.876,168.61,114.294,312.46
2021-04-12,127.944,247.935,168.969,112.739,311.54
2021-04-13,131.046,250.436,170.0,113.364,309.76
2021-04-14,128.719,247.632,166.65,112.742,302.82
2021-04-15,131.115,251.423,168.954,114.833,307.82
2021-04-16,130.791,252.621,169.972,114.888,306.18
2021-04-19,131.451,250.679,168.6,115.12,302.24
2021-04-20,129.77,250.221,166.734,114.682,302.65
2021-04-21,130.154,252.468,168.101,114.664,301.47
2021-04-22,128.63,249.155,165.452,113.396,296.52
2021-04-23,130.94,253.013,167.044,115.765,301.13
2021-04-26,131.333,253.395,170.45,116.337,303.04
2021-04-27,131.007,253.805,170.872,115.356,303.57
2021-04-28,130.231,246.626,172.925,118.996,307.1
2021-04-29,130.134,244.643,173.566,121.494,329.51
2021-04-30,128.161,244.322,173.371,120.506,325.08
2021-05-03,129.22,244.007,169.324,119.758,322.58
2021-05-04,124.633,240.071,165.594,117.712,318.36
2021-05-05,124.88,238.784,163.527,117.837,315.02
2021-05-06,126.488,241.948,165.318,119.068,320.02
2021-05-07,127.157,244.593,164.58,119.934,319.08
2021-05-10,123.877,239.476,159.524,117.083,305.97
2021-05-11,122.963,238.547,161.195,115.438,306.53
2021-05-12,119.89,231.556,157.597,111.954,302.55
2021-05-13,122.04,235.464,158.074,113.098,305.26
2021-05-14,124.455,240.423,161.145,115.808,315.94
2021-05-17,123.317,237.543,163.52,116.07,315.46
2021-05-18,121.923,235.511,161.614,115.172,309.96
2021-05-19,121.767,236.096,161.59,115.436,313.59
2021-05-20,124.32,239.35,162.384,117.804,318.61
2021-05-21,122.493,238.078,160.154,117.255,316.23
2021-05-24,124.125,243.52,162.249,120.334,324.63
2021-05-25,123.927,244.437,162.953,120.454,327.79
2021-05-26,123.877,244.214,163.258,121.676,327.66
2021-05-27,122.346,242.105,161.506,120.126,332.75
2021-05-28,121.688,242.455,161.154,120.578,328.73
2021-06-01,121.364,240.248,160.932,121.49,329.13
2021-06-02,122.13,240.149,161.7,121.064,329.15
2021-06-03,120.647,238.596,159.35,120.23,326.04
2021-06-04,122.943,243.529,160.311,122.588,330.35
2021-06-07,122.953,246.481,159.901,123.304,336.58
2021-06-08,123.768,245.268,163.206,124.142,333.68
2021-06-09,124.153,246.264,164.058,124.57,330.25
2021-06-10,123.162,249.801,167.483,126.08,332.46
2021-06-11,124.36,250.436,167.342,125.696,331.26
2021-06-14,127.413,252.38,169.194,126.352,336.77
2021-06-15,126.608,250.894,169.156,126.033,336.75
2021-06-16,127.099,249.936,170.762,125.696,331.08
2021-06-17,128.699,253.346,174.462,126.371,336.51
2021-06-18,127.394,251.931,174.345,125.568,329.66
2021-06-21,129.201,255.034,172.698,126.455,332.29
2021-06-22,130.841,257.829,175.272,126.999,339.03
2021-06-23,130.566,257.604,175.191,126.462,340.59
2021-06-24,130.291,258.97,172.454,127.282,343.18
2021-06-25,129.996,257.36,170.073,126.995,341.37
2021-06-28,131.616,260.955,172.194,126.819,355.64
2021-06-29,133.14,263.553,172.407,126.018,351.89
2021-06-30,133.756,263.064,172.008,125.316,347.71
2021-07-01,134.054,263.739,171.648,126.368,354.39
2021-07-02,136.684,269.62,175.549,128.719,354.7
2021-07-06,138.69,269.63,183.787,129.771,352.78
2021-07-07,141.182,271.835,184.829,130.078,350.49
2021-07-08,139.885,269.392,186.57,129.177,345.65
2021-07-09,141.715,269.902,185.967,129.574,350.42
2021-07-12,141.113,269.294,185.928,130.564,353.16
2021-07-13,142.233,272.852,183.868,130.994,352.09
2021-07-14,145.652,274.345,184.084,132.082,347.63
2021-07-15,144.992,272.901,181.56,131.266,344.46
2021-07-16,142.961,272.626,178.682,131.846,341.16
2021-07-19,139.111,269.003,177.48,129.254,336.95
2021-07-20,142.724,271.249,178.66,131.102,341.66
2021-07-21,141.996,273.261,179.26,132.6,346.23
2021-07-22,143.364,277.861,181.902,133.329,351.19
2021-07-23,145.072,281.291,182.832,137.816,369.79
2021-07-26,145.495,280.694,184.991,139.644,372.46
2021-07-27,143.334,278.252,181.32,136.796,367.81
2021-07-28,141.588,277.941,181.516,136.382,373.28
2021-07-29,142.233,278.213,179.996,136.54,358.32
2021-07-30,142.442,276.668,166.38,135.221,356.3
2021-08-02,142.116,276.582,166.574,135.99,351.95
2021-08-03,143.905,278.818,168.312,136.28,351.24
2021-08-04,143.509,278.223,167.736,136.028,358.92
2021-08-05,143.619,281.143,168.8,136.94,362.97
2021-08-06,142.931,281.083,167.247,137.036,363.51
2021-08-09,142.881,279.991,167.094,138.002,361.61
2021-08-10,142.413,278.154,166.034,138.096,361.13
2021-08-11,142.656,278.652,164.606,137.69,359.96
2021-08-12,145.613,281.427,165.175,138.39,362.65
2021-08-13,145.817,284.385,164.698,138.406,363.18
2021-08-16,147.802,286.076,164.95,138.916,366.56
2021-08-17,146.891,284.612,162.098,137.3,358.45
2021-08-18,143.148,282.863,160.061,136.57,355.45
2021-08-19,143.479,288.743,159.388,136.914,355.12
2021-08-20,144.925,296.116,159.998,138.437,359.37
2021-08-23,146.417,296.4,163.294,141.099,363.35
2021-08-24,146.33,294.438,165.289,142.398,365.51
2021-08-25,145.091,293.841,164.959,142.95,368.39
2021-08-26,144.286,290.988,165.8,142.123,364.38
2021-08-27,145.329,291.604,167.482,144.55,372.63
2021-08-30,149.766,295.376,171.079,145.469,380.66
2021-08-31,148.499,293.714,173.54,145.462,379.38
2021-09-01,149.166,293.666,173.95,145.842,382.05
2021-09-02,150.278,293.002,173.156,144.219,375.28
2021-09-03,150.907,292.993,173.902,144.775,376.26
2021-09-07,153.245,292.053,175.464,145.519,382.18
2021-09-08,151.693,292.082,176.275,144.884,377.57
2021-09-09,150.68,289.212,174.208,144.914,378.0
2021-09-10,145.691,287.708,173.458,141.921,378.69
2021-09-13,146.26,288.958,172.858,143.465,376.51
2021-09-14,144.855,291.674,172.5,143.406,376.53
2021-09-15,145.748,296.565,173.79,145.206,373.92
2021-09-16,145.513,296.958,174.412,144.373,373.06
2021-09-17,142.852,291.75,173.126,141.464,364.72
2021-09-20,139.797,286.332,167.786,139.017,355.7
2021-09-21,140.281,286.82,167.182,139.646,357.48
2021-09-22,142.646,290.501,169.002,140.938,343.21
2021-09-23,143.609,291.448,170.8,141.826,345.96
2021-09-24,143.698,291.243,171.276,142.633,352.96
2021-09-27,142.184,286.203,170.29,141.501,353.58
2021-09-28,138.785,275.85,165.798,136.184,340.65
2021-09-29,139.689,276.319,165.056,134.521,339.61
2021-09-30,138.384,274.296,164.252,133.266,339.39
2021-10-01,139.515,281.271,164.163,136.462,343.01
2021-10-04,136.085,275.451,159.489,133.765,326.23
2021-10-05,138.0,280.951,161.05,136.177,332.96
2021-10-06,138.874,285.178,163.1,137.354,333.64
2021-10-07,140.143,286.869,165.122,139.186,329.22
2021-10-08,139.759,286.869,164.431,140.056,330.05
2021-10-11,139.669,286.263,162.315,138.848,325.45
2021-10-12,138.394,284.962,162.366,136.713,323.77
2021-10-13,137.805,288.292,164.214,137.9,324.54
2021-10-14,140.602,294.564,164.993,141.412,328.53
2021-10-15,141.666,295.97,170.451,141.675,324.76
2021-10-18,143.334,298.981,172.337,142.96,335.34
2021-10-19,145.485,299.897,172.208,143.822,339.99
2021-10-20,145.976,299.095,170.753,142.415,340.78
2021-10-21,146.192,302.35,171.751,142.781,341.88
2021-10-22,145.417,300.795,166.778,138.625,324.61
2021-10-25,145.367,299.799,166.018,138.773,328.69
2021-10-26,146.036,301.714,168.804,139.672,315.81
2021-10-27,145.573,314.422,169.624,146.428,312.22
2021-10-28,149.225,315.574,172.329,146.129,316.92
2021-10-29,146.505,322.644,168.622,148.27,323.57
2021-11-01,145.682,320.458,165.906,143.774,329.98
2021-11-02,146.723,324.11,165.638,145.863,328.08
2021-11-03,148.168,324.961,169.2,146.79,331.62
2021-11-04,147.644,327.343,173.85,148.683,335.85
2021-11-05,148.177,326.972,175.95,149.241,341.13
2021-11-08,147.35,327.871,174.449,149.352,338.62
2021-11-09,147.713,326.865,178.812,149.248,335.37
2021-11-10,144.875,321.854,174.103,146.626,327.64
2021-11-11,144.825,323.439,173.625,146.748,327.74
2021-11-12,146.91,327.617,176.258,149.646,340.89
2021-11-15,146.919,326.982,177.284,149.388,347.56
2021-11-16,147.902,330.322,177.035,149.076,342.96
2021-11-17,150.337,330.548,177.45,149.062,340.77
2021-11-18,154.629,332.646,184.803,150.709,338.69
2021-11-19,157.251,334.433,183.829,149.953,345.3
2021-11-22,157.712,331.24,178.628,147.079,341.01
2021-11-23,158.086,329.141,179.002,146.757,337.25
2021-11-24,158.607,329.366,179.02,146.718,341.06
2021-11-26,153.586,321.347,175.228,142.806,333.12
2021-11-29,156.957,328.124,178.079,146.114,338.03
2021-11-30,161.905,322.235,175.354,142.452,324.46
2021-12-01,161.386,321.736,172.186,141.618,310.6
2021-12-02,160.394,321.161,171.868,143.776,310.39
2021-12-03,158.509,314.841,169.49,142.52,306.84
2021-12-06,161.925,317.948,171.368,143.796,317.87
2021-12-07,167.662,326.454,176.164,148.036,322.81
2021-12-08,171.482,326.503,176.158,148.72,330.56
2021-12-09,170.972,324.678,174.171,148.106,329.82
2021-12-10,175.764,333.878,172.212,148.675,329.75
2021-12-13,172.131,330.821,169.568,146.704,334.49
2021-12-14,170.745,320.038,169.092,144.97,333.74
2021-12-15,175.615,326.191,173.315,147.368,341.66
2021-12-16,168.724,316.688,168.871,144.838,334.9
2021-12-17,167.623,315.613,170.017,142.803,333.79
2021-12-20,166.257,311.822,167.079,142.402,325.45
2021-12-21,169.442,319.011,170.417,144.22,334.2
2021-12-22,172.032,324.774,171.037,146.949,330.45
2021-12-23,172.66,326.231,171.068,147.142,335.24
2021-12-27,176.63,333.79,169.67,148.064,346.18
2021-12-28,175.606,332.626,170.661,146.448,346.22
2021-12-29,175.694,333.302,169.201,146.504,342.94
2021-12-30,174.537,330.743,168.644,146.002,344.36
2021-12-31,173.918,327.822,166.717,144.68,336.35
2022-01-03,178.268,326.288,170.404,145.074,338.54
2022-01-04,176.011,320.692,167.522,144.416,336.53
2022-01-05,171.326,308.386,164.357,137.654,324.17
2022-01-06,168.467,305.942,163.254,137.551,332.46
2022-01-07,168.635,306.1,162.554,137.004,331.79
2022-01-10,168.655,306.324,161.486,138.574,328.07
2022-01-11,171.482,307.018,165.362,140.017,334.37
2022-01-12,171.923,310.221,165.207,141.648,333.26
2022-01-13,168.655,297.093,161.214,139.131,326.48
2022-01-14,169.521,302.36,162.138,139.786,331.9
2022-01-18,166.306,295.004,158.918,136.29,318.15
2022-01-19,162.819,295.657,156.299,135.652,319.59
2022-01-20,161.13,293.979,151.668,133.507,316.56
2022-01-21,159.067,288.547,142.643,130.092,303.17
2022-01-24,158.29,288.88,144.544,130.372,308.71
2022-01-25,156.503,281.193,139.986,126.736,300.15
2022-01-26,156.415,289.212,138.872,129.24,294.63
2022-01-27,155.955,292.26,139.638,129.121,294.64
2022-01-28,166.825,300.464,143.978,133.29,301.71
2022-01-31,171.187,303.12,149.574,135.698,313.26
2022-02-01,171.02,300.952,151.194,137.878,319.0
2022-02-02,172.229,305.532,150.612,148.036,323.0
2022-02-03,169.352,293.636,138.846,142.651,237.76
2022-02-04,169.064,298.207,157.64,143.016,237.09
2022-02-07,168.348,293.342,157.936,138.938,224.91
2022-02-08,171.453,296.861,161.414,139.213,220.18
2022-02-09,172.877,303.346,161.19,141.453,232.0
2022-02-10,168.802,294.74,159.004,138.603,228.07
2022-02-11,165.382,287.58,153.294,134.13,219.55
2022-02-14,165.618,287.54,155.167,135.3,217.7
2022-02-15,169.461,292.873,156.51,136.426,221.0
2022-02-16,169.223,292.532,158.1,137.488,216.54
2022-02-17,165.618,283.967,154.652,132.308,207.71
2022-02-18,164.067,281.232,152.602,130.468,206.16
2022-02-22,161.15,281.023,150.198,129.402,202.08
2022-02-23,156.987,273.751,144.827,127.585,198.45
2022-02-24,159.599,287.736,151.358,132.674,207.6
2022-02-25,161.671,290.394,153.788,134.52,210.48
2022-02-28,161.935,291.84,153.563,134.891,211.03
2022-03-01,160.049,288.088,151.142,134.168,203.49
2022-03-02,163.349,293.205,152.052,134.752,208.11
2022-03-03,163.025,289.035,147.898,134.308,202.97
2022-03-04,160.02,283.116,145.641,132.122,200.06
2022-03-07,156.23,272.423,137.453,126.464,187.47
2022-03-08,154.402,269.432,136.014,127.279,190.29
2022-03-09,159.803,281.789,139.279,133.866,198.5
2022-03-10,155.461,278.946,146.818,132.682,195.21
2022-03-11,151.742,273.553,145.524,130.476,187.61
2022-03-14,147.713,270.01,141.853,126.741,186.63
2022-03-15,152.094,280.47,147.366,129.661,192.03
2022-03-16,156.513,287.54,153.104,133.69,203.63
2022-03-17,157.516,288.352,157.239,134.6,207.84
2022-03-18,160.816,293.441,161.251,136.802,216.49
2022-03-21,162.192,292.2,161.492,136.478,211.49
2022-03-22,165.559,296.986,164.889,140.278,216.65
2022-03-23,166.925,292.522,163.408,138.504,213.46
2022-03-24,170.707,297.025,163.65,141.312,219.57
2022-03-25,171.345,296.613,164.773,141.522,221.82
2022-03-28,172.21,303.472,168.99,141.95,223.59
2022-03-29,175.507,308.073,169.315,143.25,229.86
2022-03-30,174.34,306.559,166.301,142.644,227.85
2022-03-31,171.236,301.136,162.998,139.65,222.36
2022-04-01,170.942,302.222,163.56,140.7,224.85
2022-04-04,174.997,307.642,168.346,143.642,233.89
2022-04-05,171.68,303.647,164.055,141.063,231.84
2022-04-06,168.517,292.532,158.756,137.176,223.3
2022-04-07,168.82,294.359,157.784,136.465,222.95
2022-04-08,166.806,290.061,154.46,134.01,222.33
2022-04-11,162.552,278.623,151.122,129.796,216.46
2022-04-12,164.421,275.499,150.788,128.374,214.14
2022-04-13,167.111,280.931,155.541,130.286,214.99
2022-04-14,162.102,273.321,151.706,127.253,210.18
2022-04-18,161.885,273.993,152.785,127.961,210.77
2022-04-19,164.167,278.662,158.116,130.531,217.31
2022-04-20,163.997,279.699,153.998,128.246,200.42
2022-04-21,163.213,274.276,148.296,124.938,188.07
2022-04-22,158.664,267.654,144.35,119.614,184.11
2022-04-25,159.736,274.191,146.074,123.25,186.99
2022-04-26,153.773,263.933,139.391,119.506,180.95
2022-04-27,153.546,276.631,138.167,115.02,174.95
2022-04-28,160.483,282.893,144.596,119.412,205.73
2022-04-29,154.609,271.065,124.282,114.966,200.47
2022-05-02,154.913,277.852,124.5,117.157,211.13
2022-05-03,156.405,275.225,124.254,118.13,212.03
2022-05-04,162.819,283.234,125.929,122.575,223.41
2022-05-05,153.744,270.899,116.407,116.746,208.28
2022-05-06,154.472,268.338,114.772,115.66,203.77
2022-05-09,149.344,258.425,108.789,113.084,196.21
2022-05-10,151.752,263.23,108.859,114.584,197.65
2022-05-11,143.887,254.489,105.372,113.961,188.74
2022-05-12,140.014,249.41,106.931,113.161,191.24
2022-05-13,144.484,255.043,113.055,116.516,198.62
2022-05-16,142.941,255.416,110.81,114.792,200.04
2022-05-17,146.573,260.611,115.368,116.702,202.62
2022-05-18,138.304,248.746,107.112,112.401,192.24
2022-05-19,134.897,247.826,107.319,110.746,191.29
2022-05-20,135.132,247.258,107.591,109.313,193.54
2022-05-23,140.552,255.179,107.557,111.666,196.23
2022-05-24,137.855,254.171,104.1,105.926,181.28
2022-05-25,138.01,257.011,106.775,105.84,183.83
2022-05-26,141.211,260.32,111.078,108.296,191.63
2022-05-27,146.969,267.506,115.146,112.799,195.13
2022-05-31,146.182,266.163,120.21,114.039,193.64
2022-06-01,146.056,266.702,121.684,114.137,188.64
2022-06-02,148.508,268.815,125.511,117.746,198.86
2022-06-03,142.783,264.352,122.35,114.564,190.78
2022-06-06,143.529,263.11,124.79,117.011,194.25
2022-06-07,146.056,266.781,123.0,117.23,195.65
2022-06-08,145.319,264.736,121.18,117.238,196.64
2022-06-09,140.093,259.233,116.15,114.918,184.0
2022-06-10,134.68,247.681,109.65,111.428,175.57
2022-06-13,129.525,237.176,103.67,106.876,164.26
2022-06-14,130.389,239.359,102.31,107.194,163.73
2022-06-15,133.01,246.477,107.67,110.39,169.35
2022-06-16,127.738,239.829,103.66,106.636,160.87
2022-06-17,129.211,242.452,106.22,107.866,163.74
2022-06-21,133.445,248.414,108.68,112.015,157.05
2022-06-22,132.931,247.816,108.95,112.034,155.85
2022-06-23,135.801,253.427,112.44,112.684,158.75
2022-06-24,139.13,262.08,116.46,118.538,170.16
2022-06-27,139.13,259.33,113.22,116.622,169.49
2022-06-28,134.986,251.097,107.4,112.571,160.68
2022-06-29,136.743,254.797,108.92,112.256,163.94
2022-06-30,134.279,251.44,106.21,109.372,161.25
2022-07-01,136.449,254.131,109.56,109.081,160.03
2022-07-05,139.031,257.333,113.5,113.887,168.19
2022-07-06,140.368,260.621,114.33,115.214,169.77
2022-07-07,143.738,262.765,116.33,119.306,172.19
2022-07-08,144.415,262.042,115.54,120.168,170.88
2022-07-11,142.283,258.957,111.75,116.522,162.88
2022-07-12,143.254,248.345,109.22,114.849,163.27
2022-07-13,142.891,247.416,110.4,112.187,163.49
2022-07-14,145.817,248.746,110.63,111.44,158.05
2022-07-15,147.489,251.332,113.55,112.767,164.7
2022-07-18,144.444,248.913,113.76,109.91,167.23
2022-07-19,148.303,254.081,118.21,114.62,175.78
2022-07-20,150.307,256.765,122.77,114.7,183.09
2022-07-21,152.576,259.283,124.63,115.04,183.17
2022-07-22,151.337,254.896,122.42,108.36,169.27
2022-07-25,150.219,253.398,121.14,108.21,166.65
2022-07-26,148.894,246.613,114.81,105.44,159.15
2022-07-27,153.992,263.1,120.97,113.6,169.58
2022-07-28,154.54,270.61,122.28,114.59,160.72
2022-07-29,159.609,274.848,134.95,116.64,159.1
2022-08-01,158.626,272.173,135.39,115.48,159.93
2022-08-02,157.152,269.052,134.16,115.9,160.19
2022-08-03,163.165,276.542,139.52,118.78,168.8
2022-08-04,162.849,277.696,142.57,118.87,170.57
2022-08-05,162.622,276.974,140.8,118.22,167.11
2022-08-08,162.151,274.436,139.41,118.14,170.25
2022-08-09,162.201,276.375,137.83,117.5,168.53
2022-08-10,166.449,283.091,142.69,120.65,178.34
2022-08-11,165.712,280.995,140.64,119.82,177.49
2022-08-12,169.262,285.784,143.55,122.65,180.5
2022-08-15,170.333,287.31,143.18,122.88,180.89
2022-08-16,170.177,286.565,144.78,122.51,179.47
2022-08-17,171.672,285.811,142.1,120.32,174.85
2022-08-18,171.278,284.684,142.3,120.86,174.66
2022-08-19,168.692,280.739,138.23,118.12,167.96
2022-08-22,164.805,272.498,133.22,115.07,163.05
2022-08-23,164.472,271.211,133.62,114.77,161.11
2022-08-24,164.766,270.575,133.8,114.7,163.26
2022-08-25,167.226,273.576,137.28,117.7,168.78
2022-08-26,160.921,263.021,130.75,111.3,161.78
2022-08-29,158.718,260.215,129.79,110.34,159.17
2022-08-30,156.289,257.997,128.73,109.91,157.16
2022-08-31,154.627,256.527,126.77,109.15,162.93
2022-09-01,155.355,255.476,127.82,110.55,165.36
2022-09-02,153.241,251.216,127.51,108.68,160.32
2022-09-06,151.98,248.461,126.11,107.48,158.54
2022-09-07,153.388,253.21,129.48,110.48,160.39
2022-09-08,151.912,253.63,129.82,109.42,162.06
2022-09-09,154.774,259.458,133.27,111.78,169.15
2022-09-12,160.734,261.608,136.45,111.87,168.96
2022-09-13,151.301,247.224,126.82,105.31,153.13
2022-09-14,152.747,247.451,128.55,105.87,151.47
2022-09-15,149.857,240.739,126.28,103.9,149.55
2022-09-16,148.214,240.11,123.53,103.63,146.29
2022-09-19,151.932,239.896,124.66,103.85,148.02
2022-09-20,154.31,237.866,122.19,101.83,146.09
2022-09-21,151.184,234.433,118.54,100.01,142.12
2022-09-22,150.221,236.424,117.31,100.57,142.82
2022-09-23,147.95,233.42,113.78,99.17,140.41
2022-09-26,148.283,232.96,115.15,98.81,136.37
2022-09-27,149.256,231.94,114.41,98.09,134.4
2022-09-28,147.368,236.511,118.01,100.74,141.61
2022-09-29,140.131,233.01,114.8,98.09,136.41
2022-09-30,135.92,228.496,113.0,96.15,135.68
2022-10-03,140.101,236.186,115.88,99.3,138.61
2022-10-04,143.691,244.174,121.09,102.41,140.28
2022-10-05,143.984,244.486,120.95,102.22,138.98
2022-10-06,143.033,242.123,120.3,102.24,139.07
2022-10-07,137.78,229.811,114.56,99.57,133.45
2022-10-10,138.103,224.916,113.67,98.71,133.79
2022-10-11,136.686,221.148,112.21,98.05,128.54
2022-10-12,136.058,221.482,112.9,98.3,127.5
2022-10-13,140.631,229.811,112.53,99.71,130.29
2022-10-14,136.097,224.238,106.9,97.18,126.76
2022-10-17,140.061,233.038,113.79,100.78,134.04
2022-10-18,141.378,233.991,116.36,101.39,132.8
2022-10-19,141.488,232.009,115.07,100.29,133.23
2022-10-20,141.026,231.685,115.25,100.53,131.53
2022-10-21,144.84,237.542,119.32,101.48,130.01
2022-10-24,146.986,242.575,119.82,102.97,129.72
2022-10-25,149.827,245.921,120.6,104.93,137.51
2022-10-26,146.888,226.946,115.66,94.82,129.82
2022-10-27,142.414,222.462,110.96,92.6,97.94
2022-10-28,153.173,231.409,103.41,96.58,99.2
2022-10-31,150.811,227.74,102.44,94.66,93.16
2022-11-01,148.167,223.857,96.79,90.5,95.2
2022-11-02,142.638,215.936,92.12,87.07,90.54
2022-11-03,136.59,210.197,89.3,83.49,88.91
2022-11-04,136.324,217.204,90.98,86.7,90.79
2022-11-07,136.855,223.561,90.53,88.65,96.72
2022-11-08,137.425,224.541,89.98,88.91,96.47
2022-11-09,132.864,220.264,86.14,87.4,101.47
2022-11-10,144.688,238.385,96.63,94.17,111.87
2022-11-11,147.475,242.437,100.79,96.73,113.02
2022-11-14,146.077,236.981,98.49,96.03,114.22
2022-11-15,147.81,237.395,98.94,98.72,117.08
2022-11-16,146.577,237.827,97.12,98.99,113.23
2022-11-17,148.479,237.778,94.85,98.5,111.45
2022-11-18,149.042,237.325,94.14,97.8,112.05
2022-11-21,145.809,238.141,92.46,95.83,109.86
2022-11-22,147.949,241.075,93.2,97.33,111.44
2022-11-23,148.827,243.581,94.13,98.82,112.24
2022-11-25,145.909,243.494,93.41,97.6,111.41
2022-11-28,142.076,237.857,93.95,96.25,108.78
2022-11-29,139.071,236.45,92.42,95.44,109.46
2022-11-30,145.829,251.022,96.54,101.45,118.1
2022-12-01,146.106,250.577,95.5,101.28,120.44
2022-12-02,145.614,250.903,94.13,100.83,123.49
2022-12-05,144.451,246.16,91.01,99.87,122.43
2022-12-06,140.787,241.163,88.25,97.31,114.12
2022-12-07,138.844,240.424,88.46,95.15,113.93
2022-12-08,140.529,243.405,90.35,93.95,115.33
2022-12-09,140.047,241.458,89.09,93.07,115.9
2022-12-12,142.344,248.433,90.55,93.56,114.71
2022-12-13,143.307,252.771,92.49,95.85,120.15
2022-12-14,141.081,253.066,91.58,95.31,121.59
2022-12-15,134.47,244.989,88.45,91.2,116.15
2022-12-16,132.512,240.739,87.86,90.86,119.43
2022-12-19,130.403,236.567,84.92,89.15,114.48
2022-12-20,130.334,237.897,85.19,89.63,117.09
2022-12-21,133.439,240.484,86.77,90.25,119.76
2022-12-22,130.264,234.345,83.79,88.26,117.12
2022-12-23,129.9,234.877,85.25,89.81,118.04
2022-12-27,128.098,233.133,83.04,87.93,116.88
2022-12-28,124.167,230.743,81.82,86.46,115.62
2022-12-29,127.683,237.119,84.18,88.95,120.26
2022-12-30,128.0,235.949,84.0,88.73,120.34
2023-01-03,123.212,235.711,85.82,89.7,124.74
2023-01-04,124.481,225.402,85.14,88.71,127.37
2023-01-05,123.163,218.721,83.12,86.77,126.94
2023-01-06,127.693,221.297,86.08,88.16,130.02
2023-01-09,128.216,223.452,87.36,88.8,129.47
2023-01-10,128.788,225.154,89.87,89.24,132.99
2023-01-11,131.507,231.964,95.09,92.26,132.89
2023-01-12,131.429,234.658,95.27,91.91,136.71
2023-01-13,132.757,235.367,98.12,92.8,136.98
2023-01-17,133.92,236.47,96.05,92.16,135.36
2023-01-18,133.202,232.004,95.46,91.78,133.02
2023-01-19,133.261,228.185,93.68,93.91,136.15
2023-01-20,135.822,236.341,97.25,99.28,139.37
2023-01-23,139.011,238.663,97.52,101.21,143.27
2023-01-24,140.41,238.131,96.32,99.21,143.14
2023-01-25,139.751,236.724,97.18,96.73,141.5
2023-01-26,141.821,243.994,99.22,99.16,147.3
2023-01-27,143.763,244.153,102.24,100.71,151.74
2023-01-30,140.876,238.793,100.55,97.95,147.06
2023-01-31,142.146,243.81,103.13,99.87,148.97
2023-02-01,143.267,248.671,105.15,101.43,153.12
2023-02-02,148.578,260.329,112.91,108.8,188.77
2023-02-03,152.203,254.179,103.39,105.22,186.53
2023-02-06,149.476,252.623,102.18,103.47,186.06
2023-02-07,152.352,263.24,102.11,108.04,191.62
2023-02-08,149.662,262.424,100.05,100.0,183.43
2023-02-09,148.628,259.364,98.24,95.46,177.92
2023-02-10,148.994,258.854,97.61,94.86,174.15
2023-02-13,151.796,266.94,99.54,95.0,179.43
2023-02-14,151.153,267.775,99.7,94.95,179.48
2023-02-15,153.256,265.635,101.16,97.1,177.16
2023-02-16,151.657,258.562,98.15,95.78,172.44
2023-02-17,150.512,254.53,97.2,94.59,172.88
2023-02-21,146.496,249.213,94.58,92.05,172.08
2023-02-22,146.921,248.069,95.79,91.8,171.12
2023-02-23,147.404,251.284,95.82,91.07,172.04
2023-02-24,144.75,245.81,93.5,89.35,170.39
2023-02-27,145.945,246.736,93.76,90.1,169.54
2023-02-28,145.441,246.009,94.23,90.3,174.94
2023-03-01,143.369,242.9,92.17,90.51,173.42
2023-03-02,143.96,247.675,92.13,92.31,174.53
2023-03-03,149.014,251.797,94.9,94.02,185.25
2023-03-06,151.777,253.355,93.75,95.58,184.9
2023-03-07,149.576,250.672,93.55,94.17,184.51
2023-03-08,150.828,250.229,93.92,94.65,184.97
2023-03-09,148.578,248.868,92.25,92.66,181.69
2023-03-10,146.516,245.189,90.73,91.01,179.51
2023-03-13,148.459,250.447,92.43,91.66,180.9
2023-03-14,150.552,257.221,94.88,94.25,194.02
2023-03-15,150.947,261.808,96.2,96.55,197.75
2023-03-16,153.768,272.422,100.04,101.07,204.93
2023-03-17,152.929,275.605,98.95,102.46,195.61
2023-03-20,155.297,268.506,97.71,101.93,197.81
2023-03-21,157.152,270.034,100.61,105.84,202.16
2023-03-22,155.721,268.565,98.7,104.22,199.81
2023-03-23,156.806,273.861,98.71,106.26,204.28
2023-03-24,158.11,276.731,98.13,106.06,206.01
2023-03-27,156.166,272.598,98.04,103.06,202.84
2023-03-28,155.544,271.465,97.24,101.36,200.68
2023-03-29,158.622,276.671,100.25,101.9,205.35
2023-03-30,160.191,280.163,102.0,101.32,207.84
2023-03-31,162.698,284.355,103.29,104.0,211.94
2023-04-03,163.95,283.299,102.41,104.91,213.07
2023-04-04,163.418,283.251,103.95,105.12,214.72
2023-04-05,161.571,280.451,101.1,104.95,211.48
2023-04-06,162.461,287.61,102.06,108.9,216.1
2023-04-10,159.865,285.431,102.17,106.95,214.75
2023-04-11,158.652,278.961,99.92,106.12,213.85
2023-04-12,157.961,279.611,97.83,105.22,214.0
2023-04-13,163.348,285.874,102.4,108.19,220.35
2023-04-14,163.003,282.225,102.51,109.46,221.49
2023-04-17,163.022,284.849,102.74,106.42,218.86
2023-04-18,164.247,284.424,102.3,105.12,217.89
2023-04-19,165.39,284.504,104.3,105.02,215.7
2023-04-20,164.424,282.195,103.81,105.9,213.07
2023-04-21,162.815,281.852,106.96,105.91,212.89
2023-04-24,163.122,277.915,106.21,106.78,212.79
2023-04-25,161.581,271.651,102.57,104.61,207.55
2023-04-26,161.571,291.329,104.98,104.45,209.4
2023-04-27,166.16,300.659,109.82,108.37,238.56
2023-04-28,167.413,303.055,105.45,108.22,240.32
2023-05-01,167.325,301.38,102.05,107.71,243.18
2023-05-02,166.288,301.232,103.63,105.98,239.24
2023-05-03,165.212,300.235,103.65,106.12,237.03
2023-05-04,163.576,301.232,104.0,105.21,233.52
2023-05-05,171.251,306.399,105.655,106.215,232.78
2023-05-08,171.182,304.427,105.83,108.24,233.27
2023-05-09,169.477,302.8,106.62,107.94,233.37
2023-05-10,171.236,308.037,110.19,112.28,233.08
2023-05-11,171.429,305.868,112.18,116.9,235.79
2023-05-12,170.501,304.743,110.26,117.92,233.81
2023-05-15,170.006,305.226,111.2,116.96,238.86
2023-05-16,170.006,307.475,113.4,120.09,238.82
2023-05-17,170.619,310.381,115.5,121.48,242.485
2023-05-18,172.952,314.848,118.15,123.52,246.85
2023-05-19,173.06,314.671,116.25,123.25,245.64
2023-05-22,172.111,317.479,115.01,125.87,248.32
2023-05-23,169.504,311.626,114.99,123.29,246.74
2023-05-24,169.778,310.233,116.75,121.64,249.21
2023-05-25,170.915,322.163,115.0,124.35,252.69
2023-05-26,173.324,329.053,120.11,125.43,262.04
2023-05-30,175.174,327.393,121.66,124.64,262.52
2023-05-31,175.124,324.604,120.58,123.37,264.72
2023-06-01,177.93,328.747,122.77,124.37,272.61
2023-06-02,178.78,331.533,124.25,125.23,272.61
2023-06-05,177.426,332.067,125.3,126.63,271.39
2023-06-06,177.06,329.835,126.61,127.91,271.12
2023-06-07,175.687,319.653,121.23,122.94,263.6
2023-06-08,178.403,321.511,124.25,122.67,264.58
2023-06-09,178.79,323.023,123.43,122.87,264.95
2023-06-12,181.586,328.025,126.57,124.35,271.05
2023-06-13,181.111,330.438,126.66,124.43,271.32
2023-06-14,181.743,333.452,126.42,124.38,273.35
2023-06-15,183.779,344.088,127.11,125.79,281.83
2023-06-16,182.702,338.385,125.49,124.06,281.0
2023-06-20,182.791,334.155,125.78,123.85,284.33
2023-06-21,181.753,329.716,124.83,121.26,281.64
2023-06-22,184.757,335.795,130.15,123.87,284.88
2023-06-23,184.441,331.158,129.33,123.02,288.73
2023-06-26,183.049,324.813,127.33,119.09,278.47
2023-06-27,185.805,330.714,129.18,119.01,287.05
2023-06-28,186.98,331.978,129.04,121.08,285.29
2023-06-29,187.315,331.188,127.9,120.01,281.53
2023-06-30,191.642,336.616,130.36,120.97,286.98
2023-07-03,190.151,334.095,130.22,120.56,286.02
2023-07-05,189.036,334.253,130.38,122.63,294.37
2023-07-06,189.509,337.337,128.36,120.93,291.99
2023-07-07,188.393,333.333,129.78,120.14,290.53
2023-07-10,186.347,328.005,127.13,116.87,294.1
2023-07-11,185.825,328.638,128.78,117.71,298.29
2023-07-12,187.495,333.314,130.8,119.62,309.34
2023-07-13,188.256,338.71,134.3,124.83,313.41
2023-07-14,188.403,341.261,134.68,125.7,308.87
2023-07-17,191.662,341.745,133.56,125.06,310.62
2023-07-18,191.406,355.346,132.83,124.08,312.05
2023-07-19,192.761,350.987,135.36,122.78,316.01
2023-07-20,190.813,342.872,129.96,119.53,302.52
2023-07-21,189.638,339.808,130.0,120.31,294.26
2023-07-24,190.439,341.132,128.8,121.88,291.61
2023-07-25,191.3,346.935,129.13,122.79,294.47
2023-07-26,192.168,333.876,128.15,129.66,298.57
2023-07-27,190.901,326.909,128.25,129.87,311.71
2023-07-28,193.482,334.47,132.21,133.01,325.48
2023-07-31,194.094,332.048,133.68,133.11,318.6
2023-08-01,193.258,332.464,131.69,131.89,322.71
2023-08-02,190.271,323.725,128.21,128.64,314.31
2023-08-03,188.877,322.896,128.91,128.77,313.19
2023-08-04,179.809,324.0,139.57,128.54,310.73
2023-08-07,176.706,326.306,142.22,131.94,316.56
2023-08-08,177.644,322.292,139.94,131.84,312.64
2023-08-09,176.054,318.516,137.85,130.15,305.21
2023-08-10,175.836,319.208,138.56,130.21,305.74
2023-08-11,175.895,317.31,138.41,130.17,301.64
2023-08-14,177.548,320.305,140.57,131.83,306.19
2023-08-15,175.559,318.149,137.67,130.27,301.95
2023-08-16,174.688,317.378,135.07,129.11,294.29
2023-08-17,172.146,313.891,133.98,130.46,285.09
2023-08-18,172.63,313.494,133.22,128.11,283.25
2023-08-21,173.965,318.844,134.68,128.93,289.9
2023-08-22,175.342,319.419,134.25,129.69,287.6
2023-08-23,179.188,323.917,135.52,133.21,294.24
2023-08-24,174.501,316.953,131.84,130.42,286.75
2023-08-25,176.707,319.934,133.26,130.69,285.5
2023-08-28,178.269,320.646,133.14,131.79,290.26
2023-08-29,182.158,325.312,134.91,135.49,297.99
2023-08-30,185.649,325.688,135.07,136.93,295.1
2023-08-31,185.869,324.668,138.01,137.35,295.89
2023-09-01,187.441,325.56,138.12,136.8,296.38
2023-09-05,187.679,330.404,137.27,136.71,300.15
2023-09-06,180.959,329.74,135.36,135.37,299.17
2023-09-07,175.667,326.798,137.85,136.2,298.67
2023-09-08,176.281,331.116,138.23,137.2,297.89
2023-09-11,177.448,334.751,143.1,137.74,307.56
2023-09-12,174.422,328.64,141.23,136.07,301.66
2023-09-13,172.354,332.89,144.85,137.5,305.06
2023-09-14,173.867,335.505,144.72,138.99,311.72
2023-09-15,173.144,327.105,140.39,138.3,300.31
2023-09-18,176.073,325.956,139.98,138.96,302.55
2023-09-19,177.161,325.55,137.63,138.83,305.07
2023-09-20,173.62,317.744,135.29,134.59,299.67
2023-09-21,172.077,316.515,129.33,131.36,295.73
2023-09-22,172.928,314.019,129.12,131.25,299.08
2023-09-25,174.202,314.544,131.27,132.17,300.83
2023-09-26,170.127,309.196,125.98,129.45,298.96
2023-09-27,168.614,309.839,125.98,131.46,297.74
2023-09-28,168.869,310.681,125.98,133.13,303.96
2023-09-29,169.386,312.771,127.12,131.85,300.21
2023-10-02,171.897,318.764,129.46,135.17,306.82
2023-10-03,170.562,310.434,124.72,133.3,300.94
2023-10-04,171.808,315.946,127.0,136.27,305.58
2023-10-05,173.046,316.348,125.96,135.99,304.79
2023-10-06,175.598,324.173,127.96,138.73,315.43
2023-10-09,177.081,326.708,128.26,139.5,318.36
2023-10-10,176.489,325.293,129.48,139.2,321.84
2023-10-11,177.883,329.285,131.83,141.7,327.82
2023-10-12,178.784,328.036,132.33,140.29,324.16
2023-10-13,176.942,324.638,129.79,138.58,314.69
2023-10-16,176.817,329.501,132.55,140.49,321.15
2023-10-17,175.263,328.927,131.47,140.99,324.0
2023-10-18,173.965,326.995,128.13,139.28,316.97
2023-10-19,173.59,328.195,128.4,138.98,312.81
2023-10-20,171.037,323.588,125.17,136.74,308.65
2023-10-23,171.156,326.213,126.56,137.9,314.01
2023-10-24,171.592,327.412,128.56,140.12,312.55
2023-10-25,169.277,337.457,121.39,126.67,299.53
2023-10-26,165.112,324.797,119.57,123.44,288.35
2023-10-27,166.427,326.698,127.74,123.4,296.73
2023-10-30,168.476,334.129,132.71,125.75,302.66
2023-10-31,168.949,334.921,133.09,125.3,301.27
2023-11-01,172.116,342.806,137.0,127.57,311.85
2023-11-02,175.677,345.033,138.07,128.58,310.87
2023-11-03,174.767,349.471,138.6,130.37,314.6
2023-11-06,177.32,353.167,139.74,131.45,315.8
2023-11-07,179.884,357.129,142.71,132.4,318.82
2023-11-08,180.939,359.774,142.08,133.26,319.78
2023-11-09,180.467,357.288,140.6,131.69,320.55
2023-11-10,184.655,366.183,143.56,134.06,328.77
2023-11-13,183.071,363.221,142.59,133.64,329.19
2023-11-14,185.686,366.778,145.8,135.43,336.31
2023-11-15,186.25,366.927,143.2,136.38,332.71
2023-11-16,187.935,373.379,142.83,138.7,334.19
2023-11-17,187.915,367.104,145.18,136.94,335.04
2023-11-20,189.659,374.638,146.13,137.92,339.97
2023-11-21,188.856,370.301,143.9,138.62,336.98
2023-11-22,189.52,375.046,146.71,140.02,341.49
2023-11-24,188.193,374.628,146.74,138.22,338.23
2023-11-27,188.014,375.8,147.73,138.05,334.7
2023-11-28,188.618,379.86,147.03,138.62,338.99
2023-11-29,187.599,376.038,146.32,136.4,332.2
2023-11-30,188.173,376.098,146.09,133.92,327.15
2023-12-01,189.45,371.731,147.03,133.32,324.82
2023-12-04,187.659,366.401,144.84,130.63,320.02
2023-12-05,191.61,369.755,146.88,132.39,318.29
2023-12-06,190.521,366.062,144.52,131.43,317.45
2023-12-07,192.451,368.196,146.88,138.45,326.59
2023-12-08,193.879,371.451,147.42,136.64,332.75
2023-12-11,191.373,368.544,145.89,134.7,325.28
2023-12-12,192.889,371.601,147.48,133.64,334.22
2023-12-13,196.108,371.591,148.84,133.97,334.74
2023-12-14,196.257,363.214,147.42,133.2,333.17
2023-12-15,195.722,367.978,149.97,133.84,334.92
2023-12-18,194.058,369.884,154.07,137.19,344.62
2023-12-19,195.098,370.489,153.79,138.1,350.36
2023-12-20,193.007,367.87,152.12,139.66,349.28
2023-12-21,192.86,370.768,153.84,141.8,354.09
2023-12-22,191.788,371.801,153.42,142.72,353.39
2023-12-26,191.245,371.879,153.41,142.82,354.83
2023-12-27,191.345,371.294,153.34,141.44,357.83
2023-12-28,191.768,372.494,153.38,141.28,358.32
2023-12-29,190.729,373.249,151.94,140.93,353.96
2024-01-02,183.903,368.116,149.93,139.56,346.29
2024-01-03,182.527,367.85,148.47,140.36,344.47
2024-01-04,180.207,365.209,144.57,138.04,347.12
2024-01-05,179.485,365.02,145.24,137.39,351.95
2024-01-08,183.824,371.909,149.1,140.53,358.66
2024-01-09,183.409,373.0,151.37,142.56,357.43
2024-01-10,184.448,379.929,153.73,143.8,370.47
2024-01-11,183.853,381.776,155.18,143.67,369.67
2024-01-12,184.18,385.587,154.62,144.24,374.49
2024-01-16,181.912,387.374,153.16,144.08,367.46
2024-01-17,180.97,386.579,151.71,142.89,368.37
2024-01-18,186.865,390.946,153.5,144.99,376.13
2024-01-19,189.768,395.711,155.34,147.97,383.45
2024-01-22,192.077,393.566,154.78,147.71,381.78
2024-01-23,193.354,395.939,156.02,148.68,385.2
2024-01-24,192.68,399.572,156.87,150.35,390.7
2024-01-25,192.353,401.865,157.75,153.64,393.18
2024-01-26,190.62,400.931,159.12,153.79,394.14
2024-01-29,189.936,406.68,161.26,154.84,401.02
2024-01-30,186.279,405.558,159.0,153.05,400.06
2024-01-31,182.674,394.628,155.2,141.8,390.14
2024-02-01,185.113,400.783,159.28,142.71,394.78
2024-02-02,184.113,408.168,171.81,143.54,474.99
2024-02-05,185.926,402.639,170.31,144.93,459.41
2024-02-06,187.53,402.48,169.15,145.41,454.72
2024-02-07,187.639,410.977,170.53,146.68,469.59
2024-02-08,186.558,411.037,169.84,147.22,470.0
2024-02-09,187.321,417.428,174.45,150.22,468.11
2024-02-12,185.636,412.178,172.34,148.73,468.9
2024-02-13,183.542,403.305,168.64,146.37,460.12
2024-02-14,182.659,407.203,170.98,147.14,473.28
2024-02-15,182.372,404.289,169.8,143.94,484.03
2024-02-16,180.835,401.803,169.51,141.76,473.32
2024-02-20,180.089,400.54,167.08,142.2,471.75
2024-02-21,180.845,399.933,168.59,143.84,468.03
2024-02-22,182.878,409.351,174.58,145.32,486.13
2024-02-23,181.042,408.047,174.99,145.29,484.03
2024-02-26,179.695,405.263,174.73,138.75,481.74
2024-02-27,181.152,405.203,173.54,140.1,487.05
2024-02-28,179.953,405.442,173.16,137.43,484.02
2024-02-29,179.286,411.329,176.76,139.78,490.13
2024-03-01,178.207,413.179,178.22,138.08,502.3
2024-03-04,173.684,412.602,177.58,134.2,498.19
2024-03-05,168.744,400.401,174.12,133.78,490.22
2024-03-06,167.752,399.844,173.51,132.56,496.09
2024-03-07,167.633,406.854,176.82,135.24,512.19
2024-03-08,169.349,403.95,175.35,136.29,505.95
2024-03-11,171.353,402.261,171.96,138.94,483.59
2024-03-12,171.827,412.959,175.39,139.62,499.75
2024-03-13,169.744,412.782,176.555,140.77,495.57
2024-03-14,171.6,422.844,178.75,144.34,491.83
2024-03-15,171.223,414.093,174.42,142.17,484.1
2024-03-18,172.315,414.989,174.48,148.48,496.98
2024-03-19,174.655,419.055,175.9,147.92,496.24
2024-03-20,177.224,422.854,178.15,149.68,505.52
2024-03-21,169.983,426.971,178.15,148.74,507.76
2024-03-22,170.885,426.345,178.87,151.77,509.58
2024-03-25,169.468,420.498,179.71,151.15,503.02
2024-03-26,168.337,419.295,178.3,151.7,495.89
2024-03-27,171.907,419.075,179.83,151.94,493.86
2024-03-28,170.092,418.37,180.38,152.26,485.58
2024-04-01,168.655,422.199,180.97,156.5,491.35
2024-04-02,167.474,419.085,180.69,155.87,497.37
2024-04-03,168.277,418.101,182.41,156.37,506.74
2024-04-04,167.454,415.546,180.0,151.94,510.92
2024-04-05,168.207,423.143,185.07,153.94,527.34
2024-04-08,167.087,422.287,185.32,156.19,519.25
2024-04-09,168.297,423.898,185.67,158.14,516.9
2024-04-10,166.422,420.896,185.95,157.66,519.83
2024-04-11,173.624,425.539,189.05,160.79,523.16
2024-04-12,175.121,419.542,186.13,159.19,511.9
2024-04-15,171.293,411.329,183.62,156.33,500.23
2024-04-16,168.009,412.264,183.32,156.0,499.76
2024-04-17,166.64,409.538,181.28,156.88,494.17
2024-04-18,165.688,402.011,179.22,157.46,501.8
2024-04-19,163.596,396.89,174.62,155.709,481.06
2024-04-22,164.499,398.72,177.23,157.95,481.73
2024-04-23,165.549,405.293,179.54,159.92,496.1
2024-04-24,167.653,406.775,176.59,161.1,493.5
2024-04-25,168.517,396.811,173.67,157.95,441.38
2024-04-26,167.93,404.049,179.62,173.69,443.29
2024-04-29,172.096,400.003,180.96,167.9,432.62
2024-04-30,168.951,387.155,175.0,164.64,430.17
2024-05-01,167.93,392.734,179.0,165.57,439.19
2024-05-02,171.63,395.618,184.72,168.46,441.68
2024-05-03,181.896,404.389,186.21,168.99,451.96
2024-05-06,180.239,411.229,188.7,169.83,465.68
2024-05-07,180.923,407.053,188.76,172.98,468.24
2024-05-08,181.261,408.247,188.0,171.16,472.6
2024-05-09,183.077,410.017,189.5,171.58,475.42
2024-05-10,181.814,412.422,187.48,170.29,476.2
2024-05-13,185.025,411.409,186.57,170.9,468.01
2024-05-14,186.166,414.233,187.07,171.93,471.85
2024-05-15,188.44,421.475,185.99,173.88,481.54
2024-05-16,188.56,419.394,183.63,175.43,473.23
2024-05-17,188.589,418.616,184.7,177.29,471.91
2024-05-20,189.751,423.727,183.54,178.46,468.84
2024-05-21,191.053,427.412,183.15,179.54,464.63
2024-05-22,189.612,428.887,183.13,178.0,467.78
2024-05-23,185.619,425.381,181.05,175.06,465.78
2024-05-24,188.698,428.528,180.75,176.33,478.22
2024-05-28,188.708,428.688,182.15,178.02,479.92
2024-05-29,189.006,427.542,182.02,177.4,474.36
2024-05-30,189.999,413.097,179.32,173.56,467.05
2024-05-31,190.953,413.555,176.44,173.96,466.83
2024-06-03,192.721,411.951,178.34,174.42,477.49
2024-06-04,193.039,414.491,179.34,175.13,476.99
2024-06-05,194.548,422.402,181.28,177.07,495.06
2024-06-06,193.169,422.909,185.0,178.35,493.76
2024-06-07,195.561,422.242,184.3,175.95,492.96
2024-06-10,191.817,426.247,187.06,176.63,502.6
2024-06-11,205.754,431.039,187.23,178.19,507.47
2024-06-12,211.634,439.387,186.89,179.56,508.84
2024-06-13,212.794,439.905,183.83,176.74,504.1
2024-06-14,211.056,440.891,183.66,178.37,504.16
2024-06-17,215.209,446.669,184.06,178.78,506.63
2024-06-18,212.844,444.647,182.81,176.45,499.49
2024-06-20,208.265,444.009,186.1,177.71,501.7
2024-06-21,206.09,448.074,189.08,180.26,494.78
2024-06-24,206.736,445.972,185.57,180.79,498.91
2024-06-25,207.659,449.24,186.34,185.58,510.6
2024-06-26,211.811,450.444,193.61,185.37,513.12
2024-06-27,212.655,451.132,197.85,186.86,519.56
2024-06-28,209.198,445.255,193.25,183.42,504.22
2024-07-01,215.286,454.997,197.2,184.49,504.68
2024-07-02,218.783,457.538,200.0,186.61,509.5
2024-07-03,220.056,459.022,197.59,187.39,509.96
2024-07-05,224.814,465.787,200.0,191.96,539.91
2024-07-08,226.284,464.471,199.29,190.48,529.32
2024-07-09,227.138,457.797,199.34,190.44,530.0
2024-07-10,231.409,464.481,199.79,192.66,534.69
2024-07-11,226.035,452.975,195.05,187.3,512.7
2024-07-12,228.984,451.83,194.49,186.78,498.87
2024-07-15,232.819,452.238,192.72,188.19,496.16
2024-07-16,233.237,447.815,193.02,185.5,489.79
2024-07-17,227.336,441.838,187.93,182.62,461.99
2024-07-18,222.667,438.7,183.75,179.22,475.85
2024-07-19,222.797,435.452,183.13,179.39,476.79
2024-07-22,222.449,441.26,182.55,183.35,487.4
2024-07-23,223.491,443.163,186.41,183.6,488.69
2024-07-24,217.066,427.273,180.83,174.37,461.27
2024-07-25,216.024,416.813,179.85,169.16,453.41
2024-07-26,216.49,423.657,182.5,168.68,465.7
2024-07-29,216.768,425.111,183.2,171.13,465.71
2024-07-30,217.323,421.316,181.71,171.86,463.19
2024-07-31,220.581,416.763,186.98,173.15,474.83
2024-08-01,216.888,415.528,184.07,172.45,497.74
2024-08-02,218.377,406.94,167.9,168.4,488.14
2024-08-05,207.859,393.651,161.02,160.64,475.73
2024-08-06,205.832,398.094,161.93,160.54,494.09
2024-08-07,208.404,396.919,162.77,160.75,488.92
2024-08-08,211.871,401.162,165.8,163.84,509.63
2024-08-09,214.782,404.48,166.94,165.39,517.77
2024-08-12,216.312,405.267,166.8,163.95,515.95
2024-08-13,220.032,412.439,170.23,165.93,528.54
2024-08-14,220.479,415.279,170.1,162.03,526.76
2024-08-15,223.461,420.189,177.59,163.17,537.33
2024-08-16,224.786,417.634,177.06,164.74,527.42
2024-08-19,224.626,420.688,178.22,168.4,529.28
2024-08-20,225.243,423.951,178.88,168.96,526.73
2024-08-21,225.133,423.293,180.11,167.63,535.16
2024-08-22,223.274,414.72,176.13,165.49,531.93
2024-08-23,225.571,415.957,177.04,167.43,528.0
2024-08-26,225.908,412.664,175.5,167.93,521.12
2024-08-27,226.753,413.013,173.12,166.38,519.1
2024-08-28,225.223,409.78,170.8,164.5,516.78
2024-08-29,228.503,412.295,172.12,163.4,518.22
2024-08-30,227.718,416.307,178.5,165.11,521.31
2024-09-03,221.523,408.622,176.25,158.61,511.76
2024-09-04,219.614,408.083,173.33,157.81,512.74
2024-09-05,221.136,407.574,177.89,158.6,516.86
2024-09-06,219.584,400.898,171.39,152.13,500.27
2024-09-09,219.673,404.91,175.4,149.54,504.79
2024-09-10,218.878,413.373,179.55,150.01,504.79
2024-09-11,221.413,422.195,184.52,152.15,511.83
2024-09-12,221.523,426.147,187.0,155.54,525.6
2024-09-13,221.255,429.73,186.49,158.37,524.62
2024-09-16,215.109,430.478,184.89,158.99,533.28
2024-09-17,215.577,434.281,186.88,160.28,536.315
2024-09-18,219.455,429.949,186.43,160.81,537.95
2024-09-19,227.588,437.814,189.87,163.24,559.1
2024-09-20,226.923,434.4,191.6,164.64,561.35
2024-09-23,225.203,432.644,193.88,163.07,564.41
2024-09-24,226.098,428.313,193.96,163.64,563.33
2024-09-25,225.103,431.247,192.53,162.99,568.31
2024-09-26,226.247,430.448,191.16,163.83,567.84
2024-09-27,226.515,427.165,187.97,165.29,567.36
2024-09-30,231.696,429.44,186.33,167.19,572.44
2024-10-01,224.943,419.85,185.13,168.42,576.47
2024-10-02,225.511,416.297,184.76,167.31,572.81
2024-10-03,224.406,415.708,181.96,167.21,582.77
2024-10-04,225.531,415.229,186.51,168.56,595.94
2024-10-07,220.449,408.722,180.8,164.39,584.78
2024-10-08,224.506,413.882,182.72,165.7,592.89
2024-10-09,228.256,416.626,185.17,163.06,590.51
2024-10-10,227.758,415.009,186.65,163.18,583.83
2024-10-11,226.277,415.488,188.82,164.52,589.95
2024-10-14,230.006,418.303,187.54,166.35,590.42
2024-10-15,232.541,417.904,187.69,166.9,586.27
2024-10-16,230.483,415.289,186.89,166.74,576.79
2024-10-17,230.851,415.888,187.53,164.51,576.93
2024-10-18,233.685,417.325,188.99,165.05,576.47
2024-10-21,235.157,417.943,189.07,165.8,575.16
2024-10-22,234.541,426.656,189.7,166.82,582.01
2024-10-23,229.468,423.752,184.71,164.48,563.69
2024-10-24,229.281,423.882,186.38,164.53,567.78
2024-10-25,230.116,427.295,187.83,166.99,573.25
2024-10-28,232.093,425.738,188.39,168.34,578.16
2024-10-29,232.363,431.087,190.83,171.14,593.28
2024-10-30,228.812,431.666,192.73,176.14,591.8
2024-10-31,224.646,405.538,186.4,172.69,567.58
2024-11-01,221.662,409.55,197.93,172.65,567.16
2024-11-04,220.767,407.644,195.78,170.68,560.68
2024-11-05,222.2,410.638,199.5,171.41,572.43
2024-11-06,221.473,419.341,207.09,178.33,572.05
2024-11-07,226.207,424.58,210.05,182.28,591.7
2024-11-08,225.938,421.696,208.18,179.86,589.34
2024-11-11,223.221,417.175,206.84,181.97,583.17
2024-11-12,223.221,422.185,208.91,183.32,584.82
2024-11-13,224.107,424.351,214.1,180.49,580.0
2024-11-14,227.192,426.037,211.48,177.35,577.16
2024-11-15,223.988,414.171,202.61,173.89,554.08
2024-11-18,226.994,414.929,201.7,176.8,554.4
2024-11-19,227.252,416.955,204.61,179.58,561.09
2024-11-20,227.968,414.66,202.88,177.33,565.52
2024-11-21,227.491,412.87,198.38,169.24,563.09
2024-11-22,228.835,417.0,197.12,166.57,559.14
2024-11-25,231.821,418.79,201.45,169.43,565.11
2024-11-26,234.001,427.99,207.86,170.62,573.54
2024-11-27,233.872,422.99,205.74,170.82,569.2
2024-11-29,236.262,423.46,207.89,170.49,574.32
2024-12-02,238.512,430.98,210.71,172.98,592.83
2024-12-03,241.559,431.2,213.44,173.02,613.65
2024-12-04,241.915,437.42,218.16,176.09,613.78
2024-12-05,241.945,442.62,220.55,174.31,608.93
2024-12-06,241.746,443.57,227.03,176.49,623.77
2024-12-09,245.639,446.02,226.09,177.1,613.57
2024-12-10,246.655,443.33,225.04,186.53,619.32
2024-12-11,245.38,448.99,230.26,196.71,632.68
2024-12-12,246.845,449.56,228.97,193.63,630.79
2024-12-13,247.012,447.27,227.46,191.38,620.35
2024-12-16,249.91,451.59,232.93,198.16,624.24
2024-12-17,252.338,454.46,231.15,197.12,619.44
2024-12-18,246.934,437.39,220.52,190.15,597.19
2024-12-19,248.666,437.03,223.29,189.7,595.57
2024-12-20,253.344,436.6,224.92,192.96,585.25
2024-12-23,254.121,435.25,225.06,195.99,599.85
2024-12-24,257.037,439.33,229.05,197.57,607.75
2024-12-26,257.854,438.11,227.05,197.1,603.35
2024-12-27,254.439,430.53,223.75,194.04,599.81
2024-12-30,251.065,424.83,221.3,192.69,591.24
2024-12-31,249.292,421.5,219.39,190.44,585.51
2025-01-02,242.752,418.58,220.22,190.63,599.24
2025-01-03,242.265,423.35,224.19,193.13,604.63
2025-01-06,243.897,427.85,227.61,197.96,630.2
2025-01-07,241.119,422.37,222.11,196.71,617.89
2025-01-08,241.608,424.56,222.13,195.39,610.72
2025-01-10,235.783,418.95,218.94,193.17,615.86
2025-01-13,233.345,417.19,218.46,192.29,608.33
2025-01-14,232.23,415.67,217.76,191.05,594.25
2025-01-15,236.799,426.31,223.35,196.98,617.12
2025-01-16,227.232,424.58,220.66,194.41,611.3
2025-01-17,228.944,429.03,225.94,197.55,612.77
2025-01-21,221.637,428.5,230.71,199.63,616.46
2025-01-22,222.822,446.2,235.01,200.03,623.5
2025-01-23,222.652,446.71,235.42,199.58,636.45
2025-01-24,221.777,444.06,234.85,201.9,647.49
2025-01-27,228.825,434.56,235.42,193.77,659.88
2025-01-28,237.187,447.2,238.15,197.07,674.33
2025-01-29,238.282,442.33,237.07,197.18,676.49
2025-01-30,236.52,414.99,234.64,202.63,687.0
2025-01-31,234.937,415.06,237.68,205.6,689.18
2025-02-03,226.984,410.92,237.42,202.64,697.46
2025-02-04,231.751,412.37,242.06,207.71,704.19
2025-02-05,231.424,413.29,236.17,193.3,704.87
2025-02-06,232.17,415.82,238.83,193.31,711.99
2025-02-07,226.605,409.75,229.15,187.14,714.52
2025-02-10,226.874,412.22,233.14,188.2,717.4
2025-02-11,231.827,411.44,232.76,187.07,719.8
2025-02-12,236.063,409.04,228.93,185.43,725.38
2025-02-13,240.708,410.54,230.37,187.88,728.56
2025-02-14,243.767,408.43,228.68,186.87,736.67
2025-02-18,243.637,409.64,226.65,185.8,716.37
2025-02-19,244.035,414.77,226.63,187.13,703.77
2025-02-20,244.993,416.13,222.88,186.64,694.84
2025-02-21,244.713,408.21,216.58,181.58,683.55
2025-02-24,246.329,404.0,212.71,181.265,668.1275
2025-02-25,246.197,397.9,212.8,177.37,657.5
2025-02-26,239.541,399.73,214.35,174.7,673.7
2025-02-27,236.491,392.53,208.74,170.21,658.24
2025-02-28,241.015,396.99,212.28,172.22,668.2
2025-03-03,237.219,388.49,205.02,168.66,655.05
2025-03-04,235.126,388.61,203.8,172.61,640.0
2025-03-05,234.936,401.02,208.36,174.99,656.47
2025-03-06,234.529,396.89,200.7,174.21,627.93
2025-03-07,238.255,393.31,199.25,175.75,625.66
2025-03-10,226.704,380.16,194.54,167.81,597.99
2025-03-11,220.088,380.45,196.59,165.98,605.71
2025-03-12,216.24,383.27,198.89,169.0,619.56
2025-03-13,208.965,378.77,193.89,164.73,590.64
2025-03-14,212.762,388.56,197.95,167.62,607.6
2025-03-17,213.271,388.7,195.74,166.57,604.9
2025-03-18,211.965,383.52,192.82,162.67,582.36
2025-03-19,214.506,387.82,195.54,166.28,584.06
2025-03-20,213.371,386.84,194.95,165.05,586.0
2025-03-21,217.526,391.26,196.21,166.25,596.25
2025-03-24,219.978,393.08,203.26,169.93,618.85
2025-03-25,222.988,395.16,205.71,172.79,626.31
2025-03-26,220.775,389.97,201.13,167.14,610.98
2025-03-27,223.088,390.58,201.36,164.08,602.58
2025-03-28,217.157,378.8,192.72,156.06,576.74
2025-03-31,221.373,375.39,190.26,156.23,576.36
2025-04-01,222.429,382.19,192.17,158.88,586.0
2025-04-02,223.128,382.14,196.01,158.86,583.93
2025-04-03,202.498,373.11,178.41,152.63,531.62
2025-04-04,187.738,359.84,171.0,147.74,504.73
2025-04-07,180.842,357.86,175.26,149.24,516.25
2025-04-08,171.832,354.56,170.66,146.58,510.45
2025-04-09,198.173,390.49,191.1,161.06,585.77
2025-04-10,189.771,381.35,181.22,155.37,546.29
2025-04-11,197.475,388.45,184.87,159.4,543.57
2025-04-14,201.83,387.81,182.12,161.47,531.48
2025-04-15,201.451,385.73,179.59,158.68,521.52
2025-04-16,193.608,371.61,174.33,155.5,502.31
2025-04-17,196.309,367.78,172.61,153.36,501.48
2025-04-21,192.501,359.12,167.32,149.86,484.66
2025-04-22,199.059,366.82,173.18,153.9,500.28
2025-04-23,203.902,374.39,180.6,157.72,520.27
2025-04-24,207.66,387.3,186.54,161.47,533.15
2025-04-25,208.567,391.85,188.99,163.85,547.27
2025-04-28,209.424,391.16,187.7,162.42,549.74
2025-04-29,210.49,394.04,187.39,162.06,554.44
2025-04-30,211.776,395.26,184.42,160.89,549.0
2025-05-01,212.593,425.4,190.2,162.79,572.21
2025-05-02,204.651,435.28,189.98,165.81,597.02
2025-05-05,198.213,436.17,186.35,166.05,599.27
2025-05-06,197.833,433.31,185.01,165.2,587.31
2025-05-07,195.581,433.35,188.71,152.8,596.81
2025-05-08,196.816,438.17,192.08,155.75,598.01
2025-05-09,197.853,438.73,193.06,154.38,592.49
2025-05-12,210.347,449.26,208.64,159.58,639.43
2025-05-13,212.483,449.14,211.37,160.89,656.03
2025-05-14,211.884,452.94,210.25,166.81,659.36
2025-05-15,211.005,453.13,205.17,165.4,643.88
2025-05-16,210.817,454.27,205.59,167.43,640.34
2025-05-19,208.341,458.87,206.16,167.87,640.43
2025-05-20,206.425,458.17,204.07,165.32,637.1
2025-05-21,201.666,452.57,201.12,170.06,635.5
2025-05-22,200.937,454.86,203.1,171.98,636.57
2025-05-23,194.86,450.18,200.99,169.59,627.06
2025-05-27,199.789,460.69,206.02,173.98,642.32
2025-05-28,199.999,457.36,204.72,173.38,643.58
2025-05-29,199.53,458.68,205.7,172.96,645.05
2025-05-30,200.428,460.36,205.01,172.85,647.49
2025-06-02,201.276,461.97,206.65,170.37,670.9
2025-06-03,202.843,462.97,205.71,167.71,666.85
2025-06-04,202.394,463.87,207.23,169.39,687.95
2025-06-05,200.209,467.68,207.91,169.81,684.62
2025-06-06,203.492,470.38,213.57,174.92,697.71
2025-06-09,201.027,472.75,216.98,177.63,694.06
2025-06-10,202.244,470.92,217.61,180.01,702.4
2025-06-11,198.363,472.62,213.2,178.79,694.14
2025-06-12,198.781,478.87,213.24,176.97,693.36
2025-06-13,196.037,474.96,212.1,175.88,682.87
2025-06-16,198.003,479.14,216.1,177.94,702.12
2025-06-17,195.229,478.04,214.82,177.23,697.23
2025-06-18,196.167,480.24,212.52,173.98,695.77
2025-06-20,200.578,477.4,209.69,167.73,682.35
2025-06-23,201.077,486.0,208.47,166.01,698.53
2025-06-24,199.879,490.11,212.77,167.74,712.2
2025-06-25,201.137,492.27,211.99,171.49,708.68
2025-06-26,200.578,497.45,217.12,174.43,726.09
2025-06-27,200.657,495.94,223.3,178.27,733.63
2025-06-30,204.739,497.41,219.39,177.39,738.09
2025-07-01,207.383,492.05,220.46,176.91,719.22
2025-07-02,211.993,491.09,219.92,179.76,713.57
2025-07-03,213.101,498.84,223.41,180.55,719.01
2025-07-07,209.509,497.72,223.47,177.56,718.35
2025-07-08,209.569,496.62,219.36,175.16,720.67
2025-07-09,210.697,503.51,222.54,177.66,732.78
2025-07-10,211.964,501.48,222.26,178.7,727.24
2025-07-11,210.717,503.32,225.02,181.31,717.51
2025-07-14,208.182,503.02,225.69,182.81,720.92
2025-07-15,208.671,505.82,226.35,183.1,710.39
2025-07-16,209.719,505.62,223.19,183.77,702.91
2025-07-17,209.579,511.7,223.88,184.7,701.41
2025-07-18,210.737,510.05,226.13,185.94,704.28
2025-07-21,212.033,510.06,229.3,191.15,712.965
2025-07-22,213.95,505.27,227.47,192.11,704.81
2025-07-23,213.7,505.87,228.29,191.51,713.58
2025-07-24,213.311,510.88,232.23,193.2,714.8
2025-07-25,213.431,513.71,231.44,194.08,712.68
2025-07-28,213.6,512.5,232.79,193.42,717.63
2025-07-29,210.826,512.57,231.01,196.43,700.0
2025-07-30,208.611,513.24,230.19,197.44,695.21
2025-07-31,207.134,533.5,234.11,192.86,773.44
2025-08-01,201.955,524.11,214.75,189.95,750.01
2025-08-04,202.922,535.64,211.65,195.75,776.37
2025-08-05,202.494,527.75,213.75,195.32,763.46
2025-08-06,212.802,524.94,222.31,196.92,771.99
2025-08-07,219.568,520.84,223.13,197.28,761.83
2025-08-08,228.868,522.04,222.69,202.09,769.3
2025-08-11,226.96,521.77,221.3,201.63,765.87
2025-08-12,229.428,529.24,221.47,204.16,790.0
2025-08-13,233.104,520.58,224.56,203.03,780.08
2025-08-14,232.555,522.48,230.98,203.82,782.13
2025-08-15,231.366,520.17,231.03,204.91,785.23
2025-08-18,230.666,517.1,231.49,204.29,767.37
2025-08-19,230.337,509.77,228.01,202.49,751.48
2025-08-20,225.791,505.72,223.81,200.19,747.72
2025-08-21,224.682,504.24,221.95,200.62,739.1
2025-08-22,227.539,507.23,228.84,206.72,754.79
2025-08-25,226.94,504.26,227.94,209.16,753.3
2025-08-26,229.088,502.04,228.71,207.95,754.1
2025-08-27,230.267,506.74,229.12,208.21,747.38
2025-08-28,232.335,509.64,231.6,212.37,751.11
2025-08-29,231.915,506.69,229.0,213.53,738.7
2025-09-02,229.498,505.12,225.34,211.99,735.11
2025-09-03,238.239,505.35,225.99,231.1,737.05
2025-09-04,239.548,507.97,235.68,232.66,748.65
2025-09-05,239.458,495.0,232.33,235.17,752.45
2025-09-08,237.65,498.2,235.84,234.16,752.3
2025-09-09,234.123,498.41,238.24,239.94,765.7
2025-09-10,226.57,500.37,230.33,239.56,751.98
2025-09-11,229.807,501.01,229.95,240.78,750.9
2025-09-12,233.843,509.9,228.15,241.38,755.59
2025-09-15,236.471,515.36,231.43,251.76,764.7
2025-09-16,237.919,509.04,234.05,251.42,779.0
2025-09-17,238.759,510.02,231.62,249.85,775.715
2025-09-18,237.65,508.45,231.23,252.33,780.25
2025-09-19,245.262,517.93,231.48,255.24,778.38
2025-09-22,255.832,514.45,227.63,252.88,765.16
2025-09-23,254.184,509.23,220.71,252.34,755.4
2025-09-24,252.066,510.15,220.21,247.83,760.66
2025-09-25,256.621,507.03,218.15,246.57,748.91
2025-09-26,255.213,511.46,219.78,247.18,743.75
2025-09-29,254.184,514.6,222.17,244.36,743.4
2025-09-30,254.383,517.95,219.57,243.55,734.38
2025-10-01,255.203,519.71,220.63,245.54,717.34
2025-10-02,256.881,515.74,222.41,246.43,727.05
2025-10-03,257.77,517.35,219.51,246.45,710.56
2025-10-06,256.441,528.57,220.9,251.51,715.66
2025-10-07,256.232,523.98,221.78,247.13,713.08
2025-10-08,257.81,524.85,225.22,245.46,717.84
2025-10-09,253.794,522.4,227.74,242.21,733.51
2025-10-10,245.032,510.96,216.37,237.49,705.3
2025-10-13,247.42,514.05,220.07,244.64,715.7
2025-10-14,247.53,513.57,216.39,246.19,708.65
2025-10-15,249.099,513.43,215.57,251.71,717.55
2025-10-16,247.21,511.61,214.47,251.88,712.07
2025-10-17,252.046,513.58,213.04,253.79,716.915
2025-10-20,261.986,516.79,216.48,257.02,732.17
2025-10-21,262.516,517.66,222.03,251.34,733.27
2025-10-22,258.2,520.54,217.95,252.53,733.41
2025-10-23,259.329,520.56,221.09,253.73,734.0
2025-10-24,262.565,523.61,224.21,260.51,738.36
2025-10-27,268.55,531.52,226.97,269.93,750.82
2025-10-28,268.739,542.07,229.25,268.43,751.44
2025-10-29,269.439,541.55,230.3,275.17,751.67
2025-10-30,271.137,525.76,222.86,281.9,666.47
2025-10-31,270.108,517.81,244.22,281.82,648.35
2025-11-03,268.789,517.03,254.0,284.12,637.71
2025-11-04,269.778,514.33,249.32,278.06,627.32
2025-11-05,269.878,507.16,250.2,284.75,635.95
2025-11-06,269.509,497.1,243.04,285.34,618.94
2025-11-07,268.21,496.82,244.41,279.7,621.71
2025-11-10,269.43,506.0,248.4,290.59,631.76
2025-11-11,275.25,508.68,249.1,291.74,627.08
2025-11-12,273.47,511.14,244.2,287.43,609.01
2025-11-13,272.95,503.29,237.58,279.12,609.89
2025-11-14,272.41,510.18,234.69,276.98,609.46
2025-11-17,267.46,507.49,232.87,285.6,602.01
2025-11-18,267.44,493.79,222.55,284.96,597.69
2025-11-19,268.56,487.12,222.69,292.99,590.32
2025-11-20,266.25,478.43,217.14,289.98,589.15
2025-11-21,271.49,472.12,220.69,299.65,594.25
2025-11-24,275.92,474.0,226.28,318.47,613.05
2025-11-25,276.97,476.99,229.67,323.64,636.22
2025-11-26,277.55,485.5,229.16,320.28,633.61
2025-11-28,278.85,492.01,233.22,320.12,647.95
2025-12-01,283.1,486.74,233.88,315.12,640.87
2025-12-02,286.19,490.0,234.42,316.02,647.1
2025-12-03,284.15,477.73,232.38,320.62,639.6
2025-12-04,280.7,480.84,229.11,318.39,661.53
2025-12-05,278.78,483.16,229.53,322.09,673.42
2025-12-08,277.89,491.02,226.89,314.45,666.8
2025-12-09,277.18,492.02,227.92,317.75,656.96
2025-12-10,278.78,478.56,231.78,321.0,650.13
2025-12-11,278.03,483.47,230.28,313.7,652.71
2025-12-12,278.28,478.53,226.19,310.52,644.23
2025-12-15,274.11,474.82,222.54,309.32,647.51
2025-12-16,274.61,476.39,222.56,307.73,657.15
2025-12-17,271.84,476.12,221.27,298.06,649.5
2025-12-18,272.19,483.98,226.76,303.75,664.45
2025-12-19,273.67,485.92,227.35,308.61,658.77
2025-12-22,270.97,484.92,228.43,311.33,661.5
2025-12-23,272.36,486.85,232.14,315.68,664.94
2025-12-24,273.81,488.02,232.38,315.67,667.55
2025-12-26,273.4,487.71,232.52,314.96,663.29
2025-12-29,273.76,487.1,232.07,314.39,658.69
2025-12-30,273.08,487.48,232.53,314.55,665.95
2025-12-31,271.86,483.62,230.82,313.8,660.09
